Propellent atomic Mass [amu], Ionization Energy [eV], Dissociation Energy [eV], Anode Mass Flow Rate [SCCM], Discharge Voltage [V], Cathode Mass Flow Rate [SCCM], Cathode Keeper Voltage [V], Beam Current [A], Thrust [mN], Discharge Current [A], Electromagnetic Inner Coil Current [A], Electromagnetic Outer, Coil Current [A]
131.293,12.1,NaN,6.92,300,2,NaN,0,9.6,0.607,1.9,1.6
131.293,12.1,NaN,6.92,300,2,NaN,0,9.6,0.625,1.9,1.6
131.293,12.1,NaN,6.92,300,2,NaN,0,9.8,0.649,1.7,1.4
131.293,12.1,NaN,7.89,300,2,NaN,0,11.5,0.711,2.25,1.85
131.293,12.1,NaN,7.89,300,2.5,NaN,0,11.8,0.729,2.25,1.85
131.293,12.1,NaN,7.89,300,2.5,NaN,0,11.3,0.72,2.25,1.85
131.293,12.1,NaN,8.88,300,2.5,NaN,0,13.8,0.833,3.2,3
131.293,12.1,NaN,8.88,300,2.5,NaN,0,13.7,0.83,2.66,2.16
131.293,12.1,NaN,8.88,300,2.5,NaN,0,13.5,0.827,2.25,1.85
131.293,12.1,NaN,9.87,300,2.5,NaN,0,15.6,0.936,2.66,2.16
131.293,12.1,NaN,9.87,300,2.5,NaN,0,15.6,0.939,2.66,2.16
131.293,12.1,NaN,10.3,300,2.5,NaN,0,16.3,0.982,2.25,1.85
131.293,12.1,NaN,10.45,300,2.5,NaN,0,16.6,1,2.25,1.85
131.293,12.1,NaN,6.92,300,2.5,NaN,0,10.1,0.618,2.25,1.85
131.293,12.1,NaN,6.92,300,2.5,NaN,0,10.3,0.628,2.25,1.85
131.293,12.1,NaN,7.89,300,2.5,NaN,0,11.9,0.725,2.25,1.85
131.293,12.1,NaN,8.88,300,2.5,NaN,0,13.8,0.836,2.66,2.16
131.293,12.1,NaN,8.88,300,2.5,NaN,0,14,0.844,2.66,2.16
131.293,12.1,NaN,9.87,300,2.5,NaN,0,16,0.943,2.25,1.85
131.293,12.1,NaN,10.85,300,2.5,NaN,0,17.9,1.048,2.25,1.85
131.293,12.1,NaN,10.85,300,2.5,NaN,0,18,1.045,2.25,1.85
131.293,12.1,NaN,12.83,300,2.5,NaN,0,22.1,1.257,2.25,1.85
131.293,12.1,NaN,7.12,250,2.5,NaN,0,9.2,0.641,1.9,1.6
131.293,12.1,NaN,7.12,250,2.5,NaN,0,9.5,0.64,2.25,1.85
131.293,12.1,NaN,7.12,250,2.5,NaN,0,9.4,0.64,2.25,1.85
131.293,12.1,NaN,7.12,250,2.5,NaN,0,9.5,0.645,2.25,1.85
131.293,12.1,NaN,8.65,250,2.5,NaN,0,12.1,0.803,2.25,1.85
131.293,12.1,NaN,8.65,250,2.5,NaN,0,12,0.807,2.25,1.85
131.293,12.1,NaN,8.14,250,2.5,NaN,0,11.2,0.765,1.7,1.4
131.293,12.1,NaN,8.14,250,2.5,NaN,0,11.3,0.761,1.9,1.6
131.293,12.1,NaN,8.14,250,2.5,NaN,0,11.2,0.757,1.9,1.6
131.293,12.1,NaN,9.16,250,2.5,NaN,0,13.1,0.87,1.9,1.6
131.293,12.1,NaN,9.16,250,2.5,NaN,0,13,0.86,1.9,1.6
131.293,12.1,NaN,10.17,250,2.5,NaN,0,14.7,0.967,2.66,2.16
131.293,12.1,NaN,10.17,250,2.5,NaN,0,14.8,0.979,1.9,1.6
131.293,12.1,NaN,11.19,250,2.5,NaN,0,16.7,1.077,2.25,1.85
131.293,12.1,NaN,11.19,250,2.5,NaN,0,16.7,1.072,2.25,1.85
131.293,12.1,NaN,12.21,250,2.5,NaN,0,18.5,1.185,2.25,1.85
131.293,12.1,NaN,12.21,250,2.5,NaN,0,18.6,1.183,2.25,1.85
131.293,12.1,NaN,13.22,250,2.5,NaN,0,20.4,1.305,2.25,1.85
131.293,12.1,NaN,15.2,250,2.5,NaN,0,24.1,1.54,2.66,2.16
131.293,12.1,NaN,15.2,250,2.5,NaN,0,24.4,1.576,2.25,1.85
131.293,12.1,NaN,6.92,275,2.5,NaN,0,9.4,0.598,2.66,2.16
131.293,12.1,NaN,6.92,275,2.5,NaN,0,9.4,0.609,2.25,1.85
131.293,12.1,NaN,7.89,275,2.5,NaN,0,11.1,0.714,2.25,1.85
131.293,12.1,NaN,7.89,275,2.5,NaN,0,11.3,0.717,2.25,1.85
131.293,12.1,NaN,8.88,275,2.5,NaN,0,13,0.823,2.66,2.16
131.293,12.1,NaN,9.87,275,2.5,NaN,0,15.2,0.945,2.66,2.16
131.293,12.1,NaN,9.87,275,2.5,NaN,0,15.2,0.928,2.25,1.85
131.293,12.1,NaN,10.85,275,2.5,NaN,0,16.9,1.037,2.25,1.85
131.293,12.1,NaN,10.85,275,2.5,NaN,0,17,1.033,2.25,1.85
131.293,12.1,NaN,11.48,275,2.5,NaN,0,18.1,1.105,2.25,1.85
131.293,12.1,NaN,11.48,275,2.5,NaN,0,18.3,1.099,2.25,1.85
131.293,12.1,NaN,12.83,275,2.5,NaN,0,21.1,1.258,2.25,1.85
131.293,12.1,NaN,14.8,275,2.5,NaN,0,25,1.475,2.66,2.16
131.293,12.1,NaN,8.88,275,2.5,NaN,0,13.4,0.83,1.9,1.6
131.293,12.1,NaN,8,275,2.5,NaN,0,11.2,0.73,2.25,1.85
131.293,12.1,NaN,8,275,2.5,NaN,0,11.6,0.728,1.9,1.6
131.293,12.1,NaN,6.6,250,2.5,NaN,0,8.6,0.565,2.25,1.85
131.293,12.1,NaN,6.6,250,2.5,NaN,0,9.05,0.6,1.1,2.45
131.293,12.1,NaN,7.12,250,2.5,NaN,0,9.95,0.637,2.25,1.85
131.293,12.1,NaN,7.12,250,2.5,NaN,0,10.6,0.662,1.1,2.45
131.293,12.1,NaN,8.14,250,2.5,NaN,0,11.75,0.749,2.25,1.85
131.293,12.1,NaN,8.14,250,2.5,NaN,0,12.2,0.771,1.2,2.45
131.293,12.1,NaN,8.65,250,2.5,NaN,0,12.65,0.805,2.25,1.85
131.293,12.1,NaN,8.65,250,2.5,NaN,0,13.2,0.834,1.2,2.45
131.293,12.1,NaN,9.16,250,2.5,NaN,0,13.45,0.86,2.25,1.85
131.293,12.1,NaN,9.16,250,2.5,NaN,0,14.2,0.885,1.25,2.45
131.293,12.1,NaN,10.17,250,2.5,NaN,0,15.3,0.97,2.25,1.85
131.293,12.1,NaN,10.17,250,2.5,NaN,0,16.05,0.98,1.45,2.7
131.293,12.1,NaN,11.19,250,2.5,NaN,0,17.25,1.077,2.25,1.85
131.293,12.1,NaN,11.19,250,2.5,NaN,0,18.05,1.111,1.45,2.7
131.293,12.1,NaN,12.21,250,2.5,NaN,0,19.2,1.197,2.25,1.85
131.293,12.1,NaN,12.21,250,2.5,NaN,0,19.65,1.18,1.6,3.5
131.293,12.1,NaN,6.92,275,2.5,NaN,0,9.7,0.605,2.25,1.85
131.293,12.1,NaN,6.92,275,2.5,NaN,0,10.1,0.633,1.2,2.7
131.293,12.1,NaN,7.89,275,2.5,NaN,0,12.15,0.721,1.25,3
131.293,12.1,NaN,7.89,275,2.5,NaN,0,11.55,0.715,2.25,1.85
131.293,12.1,NaN,8,275,2.5,NaN,0,11.7,0.726,2.25,1.85
131.293,12.1,NaN,8,275,2.5,NaN,0,12.4,0.733,1.2,3
131.293,12.1,NaN,8.88,275,2.5,NaN,0,13.3,0.824,2.25,1.85
131.293,12.1,NaN,8.88,275,2.5,NaN,0,14.25,0.83,1.4,3
131.293,12.1,NaN,9.87,275,2.5,NaN,0,15.45,0.934,2.66,2.16
131.293,12.1,NaN,9.87,275,2.5,NaN,0,16.3,0.939,1.25,3.2
131.293,12.1,NaN,10.85,275,2.5,NaN,0,17.3,1.052,2.25,1.85
131.293,12.1,NaN,10.85,275,2.5,NaN,0,18.1,1.052,1.3,3
131.293,12.1,NaN,11.84,275,2.5,NaN,0,19.5,1.161,2.25,1.85
131.293,12.1,NaN,11.84,275,2.5,NaN,0,19.75,1.189,1.2,2.6
131.293,12.1,NaN,12.83,275,2.5,NaN,0,21.65,1.27,2.25,1.85
131.293,12.1,NaN,12.83,275,2.5,NaN,0,21.9,1.315,1.3,2.7
131.293,12.1,NaN,6.92,300,2.5,NaN,0,10.2,0.597,2.66,2.16
131.293,12.1,NaN,6.92,300,2.5,NaN,0,10.75,0.622,1.2,3.2
131.293,12.1,NaN,7.89,300,2.5,NaN,0,12.2,0.722,2.25,1.85
131.293,12.1,NaN,7.89,300,2.5,NaN,0,12.8,0.724,1.25,3
131.293,12.1,NaN,8,300,2.5,NaN,0,12.4,0.718,2.66,2.16
131.293,12.1,NaN,8,300,2.5,NaN,0,12.95,0.732,1.25,3.2
131.293,12.1,NaN,8.88,300,2.5,NaN,0,14.1,0.825,2.25,1.85
131.293,12.1,NaN,8.88,300,2.5,NaN,0,14.95,0.827,1.4,3.2
131.293,12.1,NaN,9.87,300,2.5,NaN,0,16.1,0.946,2.25,1.85
131.293,12.1,NaN,9.87,300,2.5,NaN,0,16.7,0.927,1.45,3.25
131.293,12.1,NaN,10.85,300,2.5,NaN,0,18.1,1.054,2.25,1.85
131.293,12.1,NaN,10.85,300,2.5,NaN,0,18.3,1.044,1.6,3.7
131.293,12.1,NaN,11.84,300,2.5,NaN,0,20,1.183,2.25,1.85
131.293,12.1,NaN,11.84,300,2.5,NaN,0,20.85,1.186,1.25,2.7
131.293,12.1,NaN,12.83,300,2.5,NaN,0,22.05,1.33,2.25,1.85
131.293,12.1,NaN,12.83,300,2.5,NaN,0,23.1,1.322,1.2,2.7
131.293,12.1,NaN,7.89,350,2.5,NaN,0,13.2,0.722,2.25,1.85
131.293,12.1,NaN,7.89,350,2.5,NaN,0,13.45,0.753,1.2,3
131.293,12.1,NaN,7.89,350,2.5,NaN,0,13.35,0.772,1.25,2.7
131.293,12.1,NaN,6.92,275,1.5,NaN,0.420436363636364,9.05,0.573,3.2,1.4
131.293,12.1,NaN,6.92,275,1.5,NaN,0.411927272727273,8.5,0.548,1.85,2.25
131.293,12.1,NaN,6.92,275,1.5,NaN,0.415636363636364,8.5,0.55,2.16,2.66
131.293,12.1,NaN,7.89,275,1.5,NaN,0.521890909090909,11.05,0.683,3.2,1.4
131.293,12.1,NaN,7.89,275,1.5,NaN,0.510109090909091,10.85,0.684,3.2,1.4
131.293,12.1,NaN,7.89,275,1.5,NaN,0.517090909090909,11,0.687,3.2,1.4
131.293,12.1,NaN,7.89,275,1.5,NaN,0.514472727272727,10.95,0.689,3.2,1.4
131.293,12.1,NaN,7.89,275,1.5,NaN,0.498763636363636,10.25,0.657,1.85,2.25
131.293,12.1,NaN,7.89,275,1.5,NaN,0.502254545454546,10.3,0.657,2.16,2.66
131.293,12.1,NaN,8,275,1.5,NaN,0.511636363636364,11.3,0.69,3.2,1.4
131.293,12.1,NaN,8,275,1.5,NaN,0.500072727272727,10.9,0.667,1.85,2.25
131.293,12.1,NaN,8,275,1.5,NaN,0.507054545454545,10.7,0.67,2.16,2.66
131.293,12.1,NaN,8,221,1.5,NaN,0.498545454545455,9.7,0.678,3.2,1.4
131.293,12.1,NaN,8,288,1.5,NaN,0.516654545454545,11.8,0.696,3.2,1.4
131.293,12.1,NaN,8,310,1.5,NaN,0.526909090909091,12.35,0.711,3.2,1.4
131.293,12.1,NaN,8,350,1.5,NaN,0.5256,13.25,0.713,3.2,1.4
131.293,12.1,NaN,8,416,1.5,NaN,0.538909090909091,14.2,0.722,3.2,1.4
131.293,12.1,NaN,8,476,1.5,NaN,0.541090909090909,14.65,0.736,3.2,1.4
131.293,12.1,NaN,8,523,1.5,NaN,0.538036363636364,12.75,0.766,3.2,1.4
131.293,12.1,NaN,8,543,1.5,NaN,0.536290909090909,10.4,0.776,3.2,1.4
131.293,12.1,NaN,8.88,275,1.5,NaN,0.596727272727273,13.1,0.783,3.2,1.4
131.293,12.1,NaN,8.88,275,1.5,NaN,0.590618181818182,12.45,0.772,1.85,2.25
131.293,12.1,NaN,8.88,275,1.5,NaN,0.593236363636364,12.65,0.782,2.16,2.66
131.293,12.1,NaN,9.87,275,1.5,NaN,0.677018181818182,14.85,0.896,3.2,1.4
131.293,12.1,NaN,9.87,275,1.5,NaN,0.667636363636364,14.25,0.873,1.85,2.25
131.293,12.1,NaN,9.87,275,1.5,NaN,0.677890909090909,14.45,0.885,2.16,2.66
131.293,12.1,NaN,10.85,275,1.5,NaN,0.768436363636364,16.85,1,3.2,1.4
131.293,12.1,NaN,10.85,275,1.5,NaN,0.757309090909091,16.1,0.973,1.85,2.25
131.293,12.1,NaN,10.85,275,1.5,NaN,0.771709090909091,16.25,0.988,2.16,2.66
131.293,12.1,NaN,11.84,275,1.5,NaN,0.862690909090909,18.6,1.121,3.2,1.4
131.293,12.1,NaN,11.84,275,1.5,NaN,0.8496,17.9,1.087,1.85,2.25
131.293,12.1,NaN,11.84,275,1.5,NaN,0.864436363636364,18,1.096,2.16,2.66
131.293,12.1,NaN,8,250,1.5,NaN,0.502909090909091,10.55,0.688,3.2,1.4
131.293,12.1,NaN,8,260,1.5,NaN,0.507272727272727,10.85,0.691,3.2,1.4
131.293,12.1,NaN,8,270,1.5,NaN,0.5112,11.25,0.695,3.2,1.4
131.293,12.1,NaN,8,280,1.5,NaN,0.514254545454546,11.5,0.697,3.2,1.4
131.293,12.1,NaN,8,290,1.5,NaN,0.516654545454545,11.8,0.7,3.2,1.4
131.293,12.1,NaN,8,300,1.5,NaN,0.518836363636364,12.05,0.702,3.2,1.4
131.293,12.1,NaN,8,310,1.5,NaN,0.521018181818182,12.25,0.702,3.2,1.4
131.293,12.1,NaN,8,320,1.5,NaN,0.5232,12.45,0.703,3.2,1.4
131.293,12.1,NaN,8,330,1.5,NaN,0.525818181818182,12.65,0.705,3.2,1.4
131.293,12.1,NaN,8,340,1.5,NaN,0.528,12.9,0.707,3.2,1.4
131.293,12.1,NaN,8,350,1.5,NaN,0.529963636363636,13.05,0.706,3.2,1.4
131.293,12.1,NaN,8,360,1.5,NaN,0.531927272727273,13.1,0.708,3.2,1.4
131.293,12.1,NaN,8,370,1.5,NaN,0.533236363636364,13.35,0.707,3.2,1.4
131.293,12.1,NaN,8,380,1.5,NaN,0.534545454545454,13.45,0.71,3.2,1.4
131.293,12.1,NaN,8,390,1.5,NaN,0.536945454545455,13.6,0.711,3.2,1.4
131.293,12.1,NaN,8,400,1.5,NaN,0.537163636363636,13.8,0.713,3.2,1.4
131.293,12.1,NaN,8,410,1.5,NaN,0.5376,14.1,0.718,3.2,1.4
131.293,12.1,NaN,8,420,1.5,NaN,0.531272727272727,14.06,0.718,3.2,1.4
131.293,12.1,NaN,8,430,1.5,NaN,0.530836363636364,14.3,0.722,3.2,1.4
131.293,12.1,NaN,8,440,1.5,NaN,0.532363636363636,14.5,0.723,3.2,1.4
131.293,12.1,NaN,8,450,1.5,NaN,0.532363636363636,14.55,0.729,3.2,1.4
131.293,12.1,NaN,8,350,1.5,NaN,0.515563636363636,12.9,0.699,3.2,1.4
131.293,12.1,NaN,8,350,1.5,NaN,0.505745454545454,12.8,0.661,4.2,2.7
131.293,12.1,NaN,8,350,1.5,NaN,0.508363636363636,12.6,0.659,4.2,2.7
131.293,12.1,NaN,8,350,1.5,NaN,0.535636363636364,13.5,0.6878,4.1,2.7
131.293,12.1,NaN,8,350,1.5,NaN,0.534545454545454,13.5,0.687,4.2,2.7
131.293,12.1,NaN,8,350,1.5,NaN,0.533890909090909,13.5,0.686,4.2,2.6
131.293,12.1,NaN,8,350,1.5,NaN,0.534327272727273,13.475,0.686,4.2,2.7
131.293,12.1,NaN,8,400,1.5,NaN,0.530181818181818,14.2,0.67,4.2,2.7
131.293,12.1,NaN,8,400,1.5,NaN,0.529090909090909,14,0.67,4.2,2.7
131.293,12.1,NaN,6.6,250,2.5,NaN,0.433309090909091,8.5,0.56,1.85,2.25
131.293,12.1,NaN,6.6,250,2.5,NaN,0.443345454545454,9,0.577,3.2,1.4
131.293,12.1,NaN,7.12,250,2.5,NaN,0.476072727272727,9.55,0.614,1.85,2.25
131.293,12.1,NaN,7.12,250,2.5,NaN,0.488290909090909,10.05,0.632,3.2,1.4
131.293,12.1,NaN,8.14,250,2.5,NaN,0.572945454545455,11.4,0.729,1.85,2.25
131.293,12.1,NaN,8.14,250,2.5,NaN,0.578618181818182,11.9,0.741,3.2,1.4
131.293,12.1,NaN,8.65,250,2.5,NaN,0.624436363636364,12.4,0.783,1.85,2.25
131.293,12.1,NaN,8.65,250,2.5,NaN,0.627490909090909,12.9,0.792,3.2,1.4
131.293,12.1,NaN,9.16,250,2.5,NaN,0.673527272727273,13.3,0.838,1.85,2.25
131.293,12.1,NaN,9.16,250,2.5,NaN,0.673745454545455,13.9,0.847,3.2,1.4
131.293,12.1,NaN,10.17,250,2.5,NaN,0.771054545454546,15.6,0.957,1.85,2.25
131.293,12.1,NaN,10.17,250,2.5,NaN,0.753818181818182,16.15,0.966,3.2,1.4
131.293,12.1,NaN,11.19,250,2.5,NaN,0.876436363636364,17.4,1.072,1.85,2.25
131.293,12.1,NaN,11.19,250,2.5,NaN,0.846763636363636,18.1,1.083,3.2,1.4
131.293,12.1,NaN,12.21,250,2.5,NaN,0.966327272727273,19.5,1.184,1.85,2.25
131.293,12.1,NaN,12.21,250,2.5,NaN,0.942763636363636,20.15,1.213,3.2,1.4
131.293,12.1,NaN,6,275,2.5,NaN,0.387490909090909,8.5,0.511,3.2,1.4
131.293,12.1,NaN,6,250,2.5,NaN,0.387272727272727,7.85,0.511,3.2,1.4
131.293,12.1,NaN,6,240,2.5,NaN,0.385309090909091,7.65,0.51,3.2,1.4
131.293,12.1,NaN,6,230,2.5,NaN,0.385963636363636,7.5,0.517,3.2,1.4
131.293,12.1,NaN,6,220,2.5,NaN,0.384218181818182,7.1,0.524,3.2,1.4
131.293,12.1,NaN,6.2,275,2.5,NaN,0.409745454545455,8.1,0.526,1.85,2.25
131.293,12.1,NaN,6.2,275,2.5,NaN,0.408872727272727,8.8,0.536,3.2,1.4
131.293,12.1,NaN,6.92,275,2.5,NaN,0.493745454545455,9.5,0.583,1.85,2.25
131.293,12.1,NaN,6.92,275,2.5,NaN,0.515563636363636,10.1,0.605,3.2,1.4
131.293,12.1,NaN,6.92,275,2.5,NaN,0.461454545454545,9.65,0.592,1.85,2.25
131.293,12.1,NaN,6.92,275,2.5,NaN,0.4728,10.2,0.613,3.2,1.4
131.293,12.1,NaN,7.89,275,2.5,NaN,0.542836363636364,11.6,0.696,1.85,2.25
131.293,12.1,NaN,7.89,275,2.5,NaN,0.555490909090909,12.05,0.719,3.2,1.4
131.293,12.1,NaN,8,275,2.5,NaN,0.621381818181818,11.7,0.732,3.2,1.4
131.293,12.1,NaN,8,275,2.5,NaN,0.607636363636364,11.3,0.703,1.85,2.25
131.293,12.1,NaN,8,275,2.5,NaN,0.601745454545454,11.6,0.698,1.85,2.25
131.293,12.1,NaN,8,275,2.5,NaN,0.625963636363636,12.1,0.722,3.2,1.4
131.293,12.1,NaN,8,275,2.5,NaN,0.602181818181818,11.6,0.698,1.85,2.25
131.293,12.1,NaN,8,275,2.5,NaN,0.620509090909091,12.05,0.719,3.2,1.4
131.293,12.1,NaN,8,275,2.5,NaN,0.553745454545455,11.75,0.704,1.85,2.25
131.293,12.1,NaN,8,275,2.5,NaN,0.569018181818182,12.2,0.728,3.2,1.4
131.293,12.1,NaN,8,275,2.5,NaN,0.5664,12.45,0.722,1.85,2.25
131.293,12.1,NaN,8,275,2.5,NaN,0.574254545454546,12.85,0.729,3.2,1.4
131.293,12.1,NaN,8,275,2.5,NaN,0.557890909090909,11.9,0.708,1.85,2.25
131.293,12.1,NaN,8,275,2.5,NaN,0.576872727272727,12.5,0.739,3.2,1.4
131.293,12.1,NaN,8.88,275,2.5,NaN,0.632290909090909,13.55,0.804,1.85,2.25
131.293,12.1,NaN,8.88,275,2.5,NaN,0.642763636363636,14.1,0.824,3.2,1.4
131.293,12.1,NaN,9.87,275,2.5,NaN,0.720436363636364,15.6,0.912,1.85,2.25
131.293,12.1,NaN,9.87,275,2.5,NaN,0.728945454545454,16.3,0.933,3.2,1.4
131.293,12.1,NaN,10.85,275,2.5,NaN,0.817090909090909,17.55,1.019,1.85,2.25
131.293,12.1,NaN,10.85,275,2.5,NaN,0.821018181818182,18.4,1.043,3.2,1.4
131.293,12.1,NaN,11.84,275,2.5,NaN,0.901090909090909,19.7,1.121,1.85,2.25
131.293,12.1,NaN,11.84,275,2.5,NaN,0.896945454545454,20.4,1.148,3.2,1.4
131.293,12.1,NaN,6.2,300,2.5,NaN,0.406472727272727,8.45000000000001,0.527,1.85,2.25
131.293,12.1,NaN,6.2,300,2.5,NaN,0.406036363636364,9.15000000000001,0.54,3.2,1.4
131.293,12.1,NaN,6.92,300,2.5,NaN,0.455563636363636,10.25,0.6,1.85,2.25
131.293,12.1,NaN,6.92,300,2.5,NaN,0.471490909090909,10.85,0.622,3.2,1.4
131.293,12.1,NaN,7.89,300,2.5,NaN,0.541090909090909,12.15,0.699,1.85,2.25
131.293,12.1,NaN,7.89,300,2.5,NaN,0.557454545454546,12.8,0.726,3.2,1.4
131.293,12.1,NaN,8,300,2.5,NaN,0.550254545454545,12.5,0.71,1.85,2.25
131.293,12.1,NaN,8,300,2.5,NaN,0.564218181818182,13.05,0.736,3.2,1.4
131.293,12.1,NaN,8.88,300,2.5,NaN,0.630545454545454,14.2,0.807,1.85,2.25
131.293,12.1,NaN,8.88,300,2.5,NaN,0.643636363636364,14.9,0.829,3.2,1.4
131.293,12.1,NaN,9.87,300,2.5,NaN,0.718690909090909,16.3,0.915,1.85,2.25
131.293,12.1,NaN,9.87,300,2.5,NaN,0.723272727272727,17,0.922,3.2,1.4
131.293,12.1,NaN,10.85,300,2.5,NaN,0.806181818181818,18.4,1.033,1.85,2.25
131.293,12.1,NaN,10.85,300,2.5,NaN,0.805309090909091,19.3,1.041,3.2,1.4
131.293,12.1,NaN,11.84,300,2.5,NaN,0.922690909090909,20.7,1.174,1.85,2.25
131.293,12.1,NaN,11.84,300,2.5,NaN,0.922036363636364,21.95,1.173,3.2,1.4
131.293,12.1,NaN,6.2,330,2.5,NaN,0.401454545454545,9.55,0.54,1.85,2.25
131.293,12.1,NaN,6.2,330,2.5,NaN,0.425454545454545,9.9,0.604,3,1.4
131.293,12.1,NaN,6.92,330,2.5,NaN,0.455563636363636,10.9,0.604,1.85,2.25
131.293,12.1,NaN,6.92,330,2.5,NaN,0.474981818181818,11.5,0.646,3.2,1.4
131.293,12.1,NaN,7.89,330,2.5,NaN,0.536072727272727,12.7,0.7,1.85,2.25
131.293,12.1,NaN,7.89,330,2.5,NaN,0.548727272727273,13.4,0.73,3.2,1.4
131.293,12.1,NaN,8,330,2.5,NaN,0.553309090909091,13.1,0.717,1.85,2.25
131.293,12.1,NaN,8,330,2.5,NaN,0.567490909090909,13.7,0.746,3.2,1.4
131.293,12.1,NaN,8.88,330,2.5,NaN,0.640363636363636,15.15,0.823,1.85,2.25
131.293,12.1,NaN,8.88,330,2.5,NaN,0.6432,15.5,0.839,3.2,1.4
131.293,12.1,NaN,9.87,330,2.5,NaN,0.738545454545455,17.45,0.94,1.85,2.25
131.293,12.1,NaN,9.87,330,2.5,NaN,0.739418181818182,18.05,0.953,3.2,1.4
131.293,12.1,NaN,10.85,330,2.5,NaN,0.809236363636364,19.6,1.059,1.85,2.25
131.293,12.1,NaN,10.85,330,2.5,NaN,0.794618181818182,19.95,1.072,3.2,1.4
131.293,12.1,NaN,11.84,330,2.5,NaN,0.916581818181818,22.05,1.187,1.85,2.25
131.293,12.1,NaN,11.84,330,2.5,NaN,0.894545454545454,22.45,1.2,3.2,1.4
131.293,12.1,NaN,6.92,370,2.5,NaN,0.458181818181818,11.5,0.622,1.85,2.25
131.293,12.1,NaN,6.92,370,2.5,NaN,0.472581818181818,12.05,0.66,3.2,1.4
131.293,12.1,NaN,7.89,370,2.5,NaN,0.548727272727273,13.85,0.732,1.85,2.25
131.293,12.1,NaN,7.12,250,2.5,NaN,0.466254545454545,9.19999999999999,0.591,1.85,2.25
131.293,12.1,NaN,7.12,250,2.5,NaN,0.473672727272727,9.75,0.623,3.2,1.4
131.293,12.1,NaN,8.14,250,2.5,NaN,0.554618181818182,10.95,0.701,1.85,2.25
131.293,12.1,NaN,8.14,250,2.5,NaN,0.567272727272727,11.7,0.735,3.2,1.4
131.293,12.1,NaN,8.65,250,2.5,NaN,0.605236363636364,12,0.764,1.85,2.25
131.293,12.1,NaN,8.65,250,2.5,NaN,0.613963636363636,12.75,0.789,3.2,1.4
131.293,12.1,NaN,9.16,250,2.5,NaN,0.641890909090909,13.1,0.819,1.85,2.25
131.293,12.1,NaN,9.16,250,2.5,NaN,0.642763636363636,13.75,0.841,3.2,1.4
131.293,12.1,NaN,10.17,250,2.5,NaN,0.7464,15.1,0.929,1.85,2.25
131.293,12.1,NaN,10.17,250,2.5,NaN,0.742909090909091,15.85,0.955,3.2,1.4
131.293,12.1,NaN,11.19,250,2.5,NaN,0.84,17.1,1.04,1.85,2.25
131.293,12.1,NaN,11.19,250,2.5,NaN,0.825818181818182,17.8,1.054,3.2,1.4
131.293,12.1,NaN,12.21,250,2.5,NaN,0.927927272727273,18.95,1.143,1.85,2.25
131.293,12.1,NaN,12.21,250,2.5,NaN,0.930545454545454,19.95,1.18,3.2,1.4
131.293,12.1,NaN,6.92,275,2.5,NaN,0.461672727272727,9.45,0.572,1.85,2.25
131.293,12.1,NaN,6.92,275,2.5,NaN,0.469527272727273,9.9,0.609,3.2,1.4
131.293,12.1,NaN,7.89,275,2.5,NaN,0.527127272727273,10.55,0.661,1.85,2.25
131.293,12.1,NaN,7.89,275,2.5,NaN,0.536290909090909,10.9,0.682,3.2,1.4
131.293,12.1,NaN,7.89,275,2.5,NaN,0.551345454545454,11.3,0.675,1.85,2.25
131.293,12.1,NaN,7.89,275,2.5,NaN,0.5592,11.85,0.717,3.2,1.4
131.293,12.1,NaN,7.89,275,2.5,NaN,0.546763636363636,11.2,0.671,1.85,2.25
131.293,12.1,NaN,7.89,275,2.5,NaN,0.558981818181818,11.95,0.723,3.2,1.4
131.293,12.1,NaN,7.89,275,2.5,NaN,0.546763636363636,12,0.735,3.2,1.4
131.293,12.1,NaN,8,275,2.5,NaN,0.558327272727273,11.35,0.683,1.85,2.25
131.293,12.1,NaN,8,275,2.5,NaN,0.570109090909091,12.1,0.728,3.2,1.4
131.293,12.1,NaN,8.88,275,2.5,NaN,0.637527272727273,13.1,0.776,1.85,2.25
131.293,12.1,NaN,8.88,275,2.5,NaN,0.651490909090909,13.85,0.813,3.2,1.4
131.293,12.1,NaN,9.87,275,2.5,NaN,0.729163636363636,15.1,0.881,1.85,2.25
131.293,12.1,NaN,9.87,275,2.5,NaN,0.735490909090909,15.9,0.91,3.2,1.4
131.293,12.1,NaN,10.85,275,2.5,NaN,0.812509090909091,17,0.983,1.85,2.25
131.293,12.1,NaN,10.85,275,2.5,NaN,0.822545454545454,18,1.019,3.2,1.4
131.293,12.1,NaN,11.84,275,2.5,NaN,0.912654545454545,19.25,1.098,1.85,2.25
131.293,12.1,NaN,11.84,275,2.5,NaN,0.918545454545455,20.25,1.127,3.2,1.4
131.293,12.1,NaN,6.92,300,2.5,NaN,0.455345454545454,9.8,0.578,1.85,2.25
131.293,12.1,NaN,6.92,300,2.5,NaN,0.467127272727273,10.2,0.616,3.2,1.4
131.293,12.1,NaN,7.5,300,2.5,NaN,0.491127272727273,11.3,0.667,3.2,1.4
131.293,12.1,NaN,7.89,300,2.5,NaN,0.545018181818182,11.8,0.677,1.85,2.25
131.293,12.1,NaN,7.89,300,2.5,NaN,0.561163636363636,12.85,0.729,3.2,1.4
131.293,12.1,NaN,8,300,2.5,NaN,0.552218181818182,12,0.685,1.85,2.25
131.293,12.1,NaN,8,300,2.5,NaN,0.572727272727273,12.8,0.741,3.2,1.4
131.293,12.1,NaN,8.88,300,2.5,NaN,0.629018181818182,13.6,0.777,1.85,2.25
131.293,12.1,NaN,8.88,300,2.5,NaN,0.639272727272727,14.5,0.804,3.2,1.4
131.293,12.1,NaN,9.87,300,2.5,NaN,0.72,15.7,0.883,1.85,2.25
131.293,12.1,NaN,9.87,300,2.5,NaN,0.723054545454546,16.65,0.909,3.2,1.4
131.293,12.1,NaN,10.85,300,2.5,NaN,0.804654545454546,17.8,1.003,1.85,2.25
131.293,12.1,NaN,10.85,300,2.5,NaN,0.807709090909091,18.75,1.014,3.2,1.4
131.293,12.1,NaN,11.84,300,2.5,NaN,0.901527272727273,19.95,1.12,1.85,2.25
131.293,12.1,NaN,11.84,300,2.5,NaN,0.903709090909091,20.85,1.129,3.2,1.4
131.293,12.1,NaN,10.17,275,2.5,NaN,0.860072727272727,15.4,1.023,3.2,1.4
131.293,12.1,NaN,10.17,275,2.5,NaN,0.853527272727273,15.5,0.997,3.2,1.4
131.293,12.1,NaN,7.89,275,2.5,NaN,0.611629090909091,10.8,0.737,3.2,1.4
131.293,12.1,NaN,10.17,275,2.5,NaN,0.843272727272727,15.1,1,3.2,1.4
131.293,12.1,NaN,10.17,275,2.5,NaN,0.808450909090909,14.7,1,3.2,1.4
131.293,12.1,NaN,10.67,300,2.5,NaN,0.894109090909091,17.25,1.065,3.2,1.4
131.293,12.1,NaN,10.67,300,2.5,NaN,0.886254545454545,16.1,1.064,3.2,1.4
131.293,12.1,NaN,10.67,300,2.5,NaN,0.891054545454546,16.55,1.058,3.2,1.4
131.293,12.1,NaN,9.66,300,2.5,NaN,0.785454545454545,14.6,0.935,3.2,1.4
131.293,12.1,NaN,9.66,300,2.5,NaN,0.789818181818182,14.3,0.935,3.2,1.4
131.293,12.1,NaN,8.65,300,2.5,NaN,0.676363636363636,12.1,0.811,3.2,1.4
131.293,12.1,NaN,9.66,300,2.5,NaN,0.792436363636364,14.55,0.93,3.2,1.4
131.293,12.1,NaN,7.89,275,3.5,NaN,0.591272727272727,10.5,0.723,3.2,1.4
131.293,12.1,NaN,7.89,275,3.5,NaN,0.5976,10.45,0.73,3.2,1.4
131.293,12.1,NaN,11.19,250,3.5,NaN,0.930894545454545,15.8,1.15,3.2,1.4
131.293,12.1,NaN,10.67,300,4.5,NaN,0.938181818181818,17.65,1.16,3.2,1.4
131.293,12.1,NaN,7.89,200,3.5,NaN,0.534545454545454,7.8,0.72,3.2,1.4
131.293,12.1,NaN,6.6,250,3,NaN,0.4752,8.25,0.605,3.2,1.4
131.293,12.1,NaN,6.6,275,3,NaN,0.472581818181818,9.1,0.596,3.2,1.4
131.293,12.1,NaN,6.6,300,3,NaN,0.487636363636364,9.6,0.605,3.2,1.4
131.293,12.1,NaN,6.6,350,3,NaN,0.507490909090909,10.55,0.628,3.2,1.4
131.293,12.1,NaN,6.6,400,3,NaN,0.519709090909091,11.55,0.647,3.2,1.4
131.293,12.1,NaN,6.6,450,3,NaN,0.536727272727273,12.35,0.694,3.2,1.4
131.293,12.1,NaN,7.89,275,2.5,NaN,0.551563636363636,11.6,0.75,3.2,1.4
131.293,12.1,NaN,7.89,250,3,NaN,0.597163636363636,10.9,0.752,3.2,1.4
131.293,12.1,NaN,7.89,275,3,NaN,0.605454545454545,11.6,0.758,3.2,1.4
131.293,12.1,NaN,7.89,300,3,NaN,0.614618181818182,12.25,0.763,3.2,1.4
131.293,12.1,NaN,7.89,350,3,NaN,0.627272727272727,13.45,0.776,3.2,1.4
131.293,12.1,NaN,7.89,400,3,NaN,0.650181818181818,14.5,0.795,3.2,1.4
131.293,12.1,NaN,7.89,450,3,NaN,0.650181818181818,15.6,0.82,3.2,1.4
131.293,12.1,NaN,7.89,275,3,NaN,0.605454545454545,11.6,0.763,3.2,1.4
131.293,12.1,NaN,8,275,3,NaN,0.571636363636363,11.8,0.775,3.2,1.4
131.293,12.1,NaN,8,275,2.5,NaN,0.573381818181818,11.7,0.769,3.2,1.4
131.293,12.1,NaN,6.6,250,3,NaN,0.4752,8.55,0.64,3.2,1.4
131.293,12.1,NaN,6.6,275,3,NaN,0.472581818181818,9.25,0.642,3.2,1.4
131.293,12.1,NaN,6.6,300,3,NaN,0.487636363636364,9.75,0.645,3.2,1.4
131.293,12.1,NaN,6.6,350,3,NaN,0.507490909090909,10.75,0.664,3.2,1.4
131.293,12.1,NaN,6.6,400,3,NaN,0.519709090909091,11.7,0.685,3.2,1.4
131.293,12.1,NaN,6.6,450,3,NaN,0.507490909090909,12.8,0.717,3.2,1.4
131.293,12.1,NaN,6.6,500,3,NaN,0.519709090909091,13.25,0.76,3.2,1.4
131.293,12.1,NaN,6.6,550,3,NaN,0.519709090909091,14,0.77,3.2,1.4
131.293,12.1,NaN,6.6,600,3,NaN,0.536727272727273,14.9,0.8,3.2,1.4
131.293,12.1,NaN,7.89,250,3,NaN,0.597163636363636,10.9,0.682,3.2,1.4
131.293,12.1,NaN,7.89,275,3,NaN,0.605454545454545,11.6,0.69,3.2,1.4
131.293,12.1,NaN,7.89,300,3,NaN,0.614618181818182,12.25,0.697,3.2,1.4
131.293,12.1,NaN,7.89,350,3,NaN,0.627272727272727,13.45,0.696,3.2,1.4
131.293,12.1,NaN,7.89,400,3,NaN,0.650181818181818,14.5,0.704,3.2,1.4
131.293,12.1,NaN,7.89,450,3,NaN,0.650181818181818,15.6,0.713,3.2,1.4
131.293,12.1,NaN,8.65,250,2.5,NaN,0.597163636363636,12.6,0.878,3.2,1.4
131.293,12.1,NaN,8.65,275,2.5,NaN,0.605454545454545,13.45,0.883,3.2,1.4
131.293,12.1,NaN,8.65,300,2.5,NaN,0.614618181818182,14.2,0.89,3.2,1.4
131.293,12.1,NaN,8.65,350,2.5,NaN,0.627272727272727,15.6,0.903,3.2,1.4
131.293,12.1,NaN,8.65,400,2.5,NaN,0.650181818181818,16.8,0.922,3.2,1.4
131.293,12.1,NaN,8.65,450,2.5,NaN,0.650181818181818,18,0.951,3.2,1.4
131.293,12.1,NaN,8.65,500,2.5,NaN,0.650181818181818,19.2,0.988,3.2,1.4
131.293,12.1,NaN,7.89,170,0,NaN,0.387709090909091,7.7,0.663,3.2,1.5
131.293,12.1,NaN,7.89,200,0,NaN,0.387709090909091,9,0.671,3.2,1.6
131.293,12.1,NaN,7.89,250,0,NaN,0.387709090909091,10.9,0.679,3.2,1.6
131.293,12.1,NaN,7.89,275,0,NaN,0.390109090909091,11.75,0.684,3.2,1.6
131.293,12.1,NaN,7.89,300,0,NaN,0.390109090909091,12.3,0.679,4,1.6
131.293,12.1,NaN,7.89,350,0,NaN,0.385527272727273,13.6,0.686,4.5,2
131.293,12.1,NaN,7.89,400,0,NaN,0.385527272727273,14.7,0.692,5,2
131.293,12.1,NaN,7.89,450,0,NaN,0.385527272727273,15.7,0.693,5.6,2
131.293,12.1,NaN,7.89,500,0,NaN,0.390109090909091,16.6,0.695,6,1.7
131.293,12.1,NaN,7.89,170,0,NaN,0.385527272727273,6.95,0.645,3.2,1.5
131.293,12.1,NaN,7.89,200,0,NaN,0.385527272727273,8.5,0.661,3.2,1.6
131.293,12.1,NaN,7.89,250,0,NaN,0.387709090909091,10.45,0.675,3.2,1.6
131.293,12.1,NaN,7.89,275,0,NaN,0.387709090909091,11.2,0.679,3.2,1.6
131.293,12.1,NaN,7.89,300,0,NaN,0.387709090909091,11.8,0.672,4,1.6
131.293,12.1,NaN,7.89,350,0,NaN,0.387709090909091,13,0.674,4.5,2
131.293,12.1,NaN,7.89,400,0,NaN,0.387709090909091,14.15,0.678,5,2
131.293,12.1,NaN,7.89,450,0,NaN,0.387709090909091,15.1,0.682,5.6,2
131.293,12.1,NaN,7.89,500,0,NaN,0.387709090909091,16,0.686,6,2
131.293,12.1,NaN,10.17,200,0,NaN,0.385527272727273,12.7,0.944,3.2,1.6
131.293,12.1,NaN,10.17,250,0,NaN,0.387709090909091,15.2,0.945,3.2,1.6
131.293,12.1,NaN,10.17,275,0,NaN,0.387709090909091,16.25,0.948,3.2,1.6
131.293,12.1,NaN,10.17,300,0,NaN,0.387709090909091,17.35,0.953,3.2,1.6
131.293,12.1,NaN,10.17,350,0,NaN,0.385527272727273,18.95,0.952,3.8,1.7
131.293,12.1,NaN,10.17,400,0,NaN,0.390109090909091,20.3,0.947,5,2
131.293,12.1,NaN,10.17,450,0,NaN,0.385527272727273,21.6,0.947,6,2.3
131.293,12.1,NaN,9.87,400,2,35.7,0.0156803393939394,20.3,0.949,5,2
131.293,12.1,NaN,11.84,400,2,44.7,0.0188100525252525,25.05,1.249,3.2,1.4
131.293,12.1,NaN,7.89,330,2,27,0.0125347393939394,13.5,0.725,3.2,1.4
131.293,12.1,NaN,9.87,330,2,36.8,0.0156803393939394,17.75,0.984,3.4,1.4
131.293,12.1,NaN,11.84,330,2,44,0.0188100525252525,22.65,1.211,3.2,1.4
131.293,12.1,NaN,7.89,300,2,26.8,0.0125347393939394,12.55,0.721,3.2,1.4
131.293,12.1,NaN,9.87,300,2,36.7,0.0156803393939394,17.15,0.963,3.2,1.4
131.293,12.1,NaN,11.84,300,2,44.2,0.0188100525252525,20.75,1.199,3.2,1.4
131.293,12.1,NaN,7.89,275,2,26.5,0.0125347393939394,11.8,0.713,3.2,1.4
131.293,12.1,NaN,9.87,275,2,35.7,0.0156803393939394,15.85,0.955,3.2,1.4
131.293,12.1,NaN,11.84,275,2,44,0.0188100525252525,19.85,1.181,3.2,1.4
131.293,12.1,NaN,7.89,275,2,78,0.0143476363636364,11.7,0.732,3.2,1.4
131.293,12.1,NaN,7.89,300,2,78,0.0145047272727273,12.3,0.738,3.2,1.4
131.293,12.1,NaN,7.89,330,2,78,0.0142429090909091,13,0.736,3.2,1.4
131.293,12.1,NaN,9.87,275,2,76,0.0186414545454545,15.5,0.959,3.2,1.4
131.293,12.1,NaN,9.87,300,2,76,0.0189032727272727,16.3,0.969,3.2,1.4
131.293,12.1,NaN,9.87,330,2,76,0.0187985454545454,17.2,0.976,3.2,1.4
131.293,12.1,NaN,11.84,275,2,75,0.0233541818181818,19.8,1.219,3.2,1.4
131.293,12.1,NaN,11.84,275,2,75,0.0233018181818182,19.6,1.205,3.2,1.4
131.293,12.1,NaN,11.84,300,2,75,0.0232494545454545,18.7,1.215,3.2,1.4
131.293,12.1,NaN,11.84,330,2,75,0.0231447272727273,21.95,1.217,3.2,1.4
131.293,12.1,NaN,7.12,200,1.5,NaN,0,6.95,0.621,3.5,1.8
131.293,12.1,NaN,7.12,225,1.5,NaN,0,8.45,0.617,3.5,1.8
131.293,12.1,NaN,7.12,250,1.5,NaN,0,9.1,0.638,3.5,1.8
131.293,12.1,NaN,7.12,275,1.5,NaN,0,9.8,0.643,3.5,1.8
131.293,12.1,NaN,7.12,300,1.5,NaN,0,10.45,0.65,3.5,1.8
131.293,12.1,NaN,7.12,330,1.5,NaN,0,11.3,0.666,3.5,1.8
131.293,12.1,NaN,7.12,350,1.5,NaN,0,11.9,0.681,3.5,1.8
131.293,12.1,NaN,7.12,375,1.5,NaN,0,12.05,0.68,3.5,1.8
131.293,12.1,NaN,7.12105798575788,275,1.5,NaN,0,9.65,0.63,3.5,1.8
131.293,12.1,NaN,7.12105798575788,275,1.5,NaN,0,9.15,0.644,2.5,2.5
131.293,12.1,NaN,7.12105798575788,275,1.5,NaN,0,9.55,0.655,3,1.8
131.293,12.1,NaN,7.12105798575788,275,1.5,NaN,0,9.5,0.653,2.7,2
131.293,12.1,NaN,7.12105798575788,275,1.5,NaN,0,9.45,0.63,4.5,2.3
131.293,12.1,NaN,6.10376398779247,250,1.5,NaN,0,7.2,0.545,2.5,1.6
131.293,12.1,NaN,6.10376398779247,250,1.5,NaN,0,7.15,0.556,2.5,1.4
131.293,12.1,NaN,6.10376398779247,200,1.5,NaN,0,5.05,0.5,2.5,1.6
131.293,12.1,NaN,5.08646998982706,220,1.5,NaN,0,4.55,0.45,2.1,1.2
131.293,12.1,NaN,6.61241098677518,190,1.5,NaN,0,5.1,0.552,2.5,1.5
131.293,12.1,NaN,6.10376398779247,190,1.5,NaN,0,4.8,0.535,1.8,1.2
131.293,12.1,NaN,9.15564598168871,345,1.5,NaN,0,15.5,0.875,3.5,1.8
131.293,12.1,NaN,10.1729399796541,300,1.5,NaN,0,16.2,0.99,3.5,1.8
131.293,12.1,NaN,7.12105798575788,275,2.5,NaN,0,9.55,0.653,2.5,2.5
131.293,12.1,NaN,7.12105798575788,275,2.5,NaN,0,9.95,0.656,3.5,1.8
131.293,12.1,NaN,7.12105798575788,275,3,NaN,0,10.05,0.67,3.5,1.8
131.293,12.1,NaN,6.10376398779247,250,2.5,NaN,0,7.7,0.566,2.7,1.6
131.293,12.1,NaN,6.10376398779247,250,3,NaN,0,7.85,0.58,2.7,1.6
131.293,12.1,NaN,5.59511698880977,200,2.5,NaN,0,5.5,0.5,2,1.2
131.293,12.1,NaN,10.1729399796541,300,3,NaN,0,17.5,1.052,3.5,1.8
131.293,12.1,NaN,10.1729399796541,300,3,NaN,0,17.15,1.035,3.9,2.2
131.293,12.1,NaN,7.12105798575788,275,2.5,NaN,0,9.05,0.64,2.5,2.5
131.293,12.1,NaN,7.12105798575788,275,2.5,NaN,0,9.75,0.626,3.5,1.8
131.293,12.1,NaN,10.1729399796541,300,2.5,NaN,0,16.75,0.98,3.5,1.8
131.293,12.1,NaN,10.1729399796541,300,2.5,NaN,0,16.35,0.978,3.9,2.2
131.293,12.1,NaN,8.14,275,2.5,NaN,0,12.3,0.75,3.5,1.8
131.293,12.1,NaN,8.14,275,2.5,NaN,0,12.3,0.75,3.5,1.8
131.293,12.1,NaN,8.14,275,2.5,NaN,0,12.1,0.757,3.5,2
131.293,12.1,NaN,9.16,275,2.5,NaN,0,14.2,0.865,3.7,1.8
131.293,12.1,NaN,9.16,275,2.5,NaN,0,14.3,0.86,4,1.8
131.293,12.1,NaN,9.16,275,2.5,NaN,0,14.25,0.857,4.3,1.8
131.293,12.1,NaN,11.19,300,2.5,NaN,0,20,1.114,3.7,1.8
131.293,12.1,NaN,11.19,300,2.5,NaN,0,20,1.108,4,1.8
131.293,12.1,NaN,11.19,300,2.5,NaN,0,20.2,1.107,4.3,1.8
131.293,12.1,NaN,12.21,300,2.5,NaN,0,21.85,1.231,4.5,2
131.293,12.1,NaN,12.21,300,2.5,NaN,0,21.9,1.228,4.7,2
131.293,12.1,NaN,12.21,300,2.5,NaN,0,21.9,1.224,5,2
131.293,12.1,NaN,12.21,300,2.5,NaN,0,21.85,1.222,5.2,2
131.293,12.1,NaN,13.22,300,2.5,NaN,0,23.9,1.364,4.7,2
131.293,12.1,NaN,13.22,300,2.5,NaN,0,24,1.361,5,2
131.293,12.1,NaN,13.22,300,2.5,NaN,0,24.05,1.36,5.2,2
131.293,12.1,NaN,13.22,300,2.5,NaN,0,24,1.358,5.5,2
131.293,12.1,NaN,6.1,250,2.5,NaN,0,7.95,0.557,2.5,1.2
131.293,12.1,NaN,6.1,250,2.5,NaN,0,7.9,0.545,2.5,1.6
131.293,12.1,NaN,6.1,250,2.5,NaN,0,7.8,0.532,2.5,1.8
131.293,12.1,NaN,5.09,225,2.5,NaN,0,5.7,0.441,2.2,1.2
131.293,12.1,NaN,5.09,225,2.5,NaN,0,5.9,0.468,2.7,1.2
131.293,12.1,NaN,5.09,225,2.5,NaN,0,5.75,0.433,2.5,1.4
131.293,12.1,NaN,7.12,150,2.5,NaN,0,5.5,0.594,3.5,1.8
131.293,12.1,NaN,7.12,175,2.5,NaN,0,6.75,0.613,3.5,1.8
131.293,12.1,NaN,7.12,200,2.5,NaN,0,7.95,0.625,3.5,1.8
131.293,12.1,NaN,7.12,225,2.5,NaN,0,8.85,0.631,3.5,1.8
131.293,12.1,NaN,7.12,250,2.5,NaN,0,9.6,0.628,3.5,1.8
131.293,12.1,NaN,7.12,275,2.5,NaN,0,10.4,0.633,3.5,1.8
131.293,12.1,NaN,7.12,300,2.5,NaN,0,11.4,0.66,3.5,1.8
131.293,12.1,NaN,7.12,325,2.5,NaN,0,12,0.668,3.5,1.8
131.293,12.1,NaN,7.12,350,2.5,NaN,0,12.5,0.667,3.5,1.8
131.293,12.1,NaN,7.12,375,2.5,NaN,0,12.75,0.675,3.5,1.8
131.293,12.1,NaN,7.12,400,2.5,NaN,0,13.2,0.69,3.5,1.8
131.293,12.1,NaN,8.14,150,1.5,NaN,0,6.9,0.744,3.5,1.8
131.293,12.1,NaN,8.14,175,1.5,NaN,0,8.2,0.744,3.5,1.8
131.293,12.1,NaN,8.14,200,1.5,NaN,0,9.45,0.752,3.5,1.8
131.293,12.1,NaN,8.14,225,1.5,NaN,0,10.6,0.753,3.5,1.8
131.293,12.1,NaN,8.14,250,1.5,NaN,0,11.4,0.745,3.5,1.8
131.293,12.1,NaN,8.14,275,1.5,NaN,0,12.4,0.751,3.5,1.8
131.293,12.1,NaN,8.14,300,1.5,NaN,0,13.2,0.762,3.5,1.8
131.293,12.1,NaN,8.14,325,1.5,NaN,0,14.2,0.79,3.5,1.8
131.293,12.1,NaN,8.14,350,1.5,NaN,0,14.9,0.805,3.5,1.8
131.293,12.1,NaN,8.14,375,1.5,NaN,0,15.15,0.806,3.5,1.8
131.293,12.1,NaN,8.14,400,1.5,NaN,0,15.6,0.795,3.5,1.8
131.293,12.1,NaN,9.16,150,1.5,NaN,0,8.2,0.877,4,1.8
131.293,12.1,NaN,9.16,175,1.5,NaN,0,9.65,0.868,4,1.8
131.293,12.1,NaN,9.16,200,1.5,NaN,0,11.15,0.873,4,1.8
131.293,12.1,NaN,9.16,225,1.5,NaN,0,12.3,0.867,4,1.8
131.293,12.1,NaN,9.16,250,1.5,NaN,0,13.25,0.858,4,1.8
131.293,12.1,NaN,9.16,275,1.5,NaN,0,14.4,0.862,4,1.8
131.293,12.1,NaN,9.16,300,1.5,NaN,0,15.3,0.87,4,1.8
131.293,12.1,NaN,9.16,325,1.5,NaN,0,16.1,0.878,4,1.8
131.293,12.1,NaN,9.16,350,1.5,NaN,0,16.85,0.882,4,1.8
131.293,12.1,NaN,9.16,375,1.5,NaN,0,17.5,0.889,4,1.8
131.293,12.1,NaN,9.16,400,1.5,NaN,0,18.1,0.898,4,1.8
131.293,12.1,NaN,7.84,275,2.5,NaN,0,11.45,0.747,2.5,NaN
131.293,12.1,NaN,6.6,250,2.5,NaN,0,8.95,0.635,2,NaN
131.293,12.1,NaN,6,200,2.5,NaN,0,6.3,0.528,2,NaN
131.293,12.1,NaN,9.4,275,2.5,NaN,0,14.8,0.93,2.5,NaN
131.293,12.1,NaN,4.8,200,2.5,NaN,0,4.3,0.4,1.7,NaN
131.293,12.1,NaN,12,320,1.5,52.3,0.912,19.3,1.094,4.1,3.6
131.293,12.1,NaN,12,375,1.5,52.3,0.903709090909091,21.45,1.067,4.1,2.75
131.293,12.1,NaN,12,418,1.5,52.3,0.925745454545454,22.6,1.076,4.1,2.75
131.293,12.1,NaN,12,328,1.5,52.3,0.890181818181818,20.05,1.069,4.1,2.75
131.293,12.1,NaN,12,250,1.5,53.3,0.884509090909091,16.5,1.14,2.29,1
131.293,12.1,NaN,12,250,1.5,53.3,0.874909090909091,16.5,1.11,2.74,1.2
131.293,12.1,NaN,12,250,1.5,53.3,0.8664,16.6,1.08,3.2,1.4
131.293,12.1,NaN,12,250,1.5,53.3,0.864,16.55,1.065,3.65,1.6
131.293,12.1,NaN,12,250,1.5,53.3,0.868363636363636,15.05,1.06,4.11,1.8
131.293,12.1,NaN,17.3,200,1.5,62.4,1.40683636363636,22.6,1.75,3.2,1.4
131.293,12.1,NaN,18.1,200,1.5,62.5,1.44327272727273,23.25,1.75,4.11,1.8
131.293,12.1,NaN,19.3,200,1.5,61.8,1.62,25.4,2,3.2,1.4
131.293,12.1,NaN,20,200,1.5,61.7,1.66341818181818,26.3,2,4.11,1.8
131.293,12.1,NaN,21.1,200,1.5,61,1.82029090909091,28,2.25,3.2,1.4
131.293,12.1,NaN,22,200,1.5,60.8,1.87003636363636,28.65,2.25,4.11,1.8
131.293,12.1,NaN,8,190,1.5,68.2,0.473018181818182,8.15,0.634,2.29,1
131.293,12.1,NaN,9,140,1.5,66.8,0.518618181818182,7.05,0.79,2.29,1
131.293,12.1,NaN,10,115,1.5,65.9,0.538472727272727,6.65,0.915,2.29,1
131.293,12.1,NaN,11,95,1.5,64.9,0.528,5.85,1.06,2.29,1
131.293,12.1,NaN,12,80,1.5,64.5,0.453818181818182,4.75,1.135,2.29,1
131.293,12.1,NaN,13,75,1.5,65.1,0.392290909090909,3.8,1.02,2.29,1
131.293,12.1,NaN,10,140,1.5,66.3,0.586909090909091,7.7,0.866,2.74,1.2
131.293,12.1,NaN,12,90,1.5,64.2,0.539345454545455,4.85,1.164,2.74,1.2
83.798,14,NaN,15,362,1.5,53,0.753381818181818,13.5,0.966,2.9,1.45
83.798,14,NaN,15,372,1.5,53,0.7392,13.7,0.941,3.2,1.4
83.798,14,NaN,15,370,1.5,53,0.763636363636364,13.7,0.95,3.5,1.7
83.798,14,NaN,17,312,1.5,53,0.888,14.85,1.123,2.9,1.45
83.798,14,NaN,17,315,1.5,53,0.890181818181818,15.05,1.114,3.2,1.4
83.798,14,NaN,19,276,1.5,53,1.01127272727273,16,1.268,2.9,1.45
83.798,14,NaN,19,280,1.5,53,1.00472727272727,16.2,1.252,3.2,1.4
83.798,14,NaN,21,246,1.5,53,1.12363636363636,16.45,1.425,2.9,1.45
83.798,14,NaN,21,247.5,1.5,53,1.12036363636364,16.6,1.415,3.2,1.4
83.798,14,NaN,17,351,1.5,53,0.871636363636364,15.4,1.142,3.2,1.4
83.798,14,NaN,17,407,1.5,53,0.870763636363636,16.75,1.106,3,1.4
83.798,14,NaN,17,326,1.5,53,0.839345454545455,14.85,1.073,3.2,1.4
83.798,14,NaN,17,315,1.5,53,0.882327272727273,14.9,1.11,3.1,1.5
83.798,14,NaN,17,290,1.5,53,0.872727272727273,13.85,1.097,3.1,1.5
83.798,14,NaN,17,356,1.5,53,0.886909090909091,16,1.125,2.9,1.5
83.798,14,NaN,17,398,1.5,53,0.904363636363636,16.65,1.133,2.8,1.5
83.798,14,NaN,19,276,1.5,53,1.00952727272727,15.95,1.268,2.9,1.4
83.798,14,NaN,19,310,1.5,53,1.0272,17.25,1.292,2.9,1.55
83.798,14,NaN,19,346,1.5,53,1.02981818181818,18.75,1.3,2.9,1.55
83.798,14,NaN,19,250,1.5,54,1.01890909090909,15.35,1.28,3.2,1.4
83.798,14,NaN,19,250,1.5,54,1.008,14.85,1.293,3.2,1.4
83.798,14,NaN,19,250,1.5,54,1.008,14.8,1.29,3.2,1.4
83.798,14,NaN,19,250,1.5,54,1.01672727272727,15.15,1.366,2.29,1
83.798,14,NaN,19,250,1.5,54,1.01454545454545,14.75,1.32,2.74,1.2
83.798,14,NaN,19,250,1.5,54,1.00036363636364,14.65,1.29,3.2,1.4
83.798,14,NaN,19,250,1.5,54,0.994909090909091,14.55,1.253,3.65,1.6
83.798,14,NaN,19,250,1.5,54,0.997090909090909,14.4,1.25,4.11,1.8
83.798,14,NaN,19,250,1.5,54,1.04072727272727,14.15,1.325,4.3,2.8
83.798,14,NaN,22.6,200,1.5,31.2,1.25934545454545,16.2,1.75,2.29,1
83.798,14,NaN,24.5,200,1.5,30.3,1.42516363636364,18.05,2,2.29,1
83.798,14,NaN,26.5,200,1.5,29.7,1.6008,20.05,2.25,2.29,1
83.798,14,NaN,21,200,1.5,31.6,1.1208,14.45,1.554,2.29,1
83.798,14,NaN,19,250,1.5,31.3,1.04945454545455,14.95,1.486,2.29,1
83.798,14,NaN,17.5,275,1.5,32.8,0.934036363636364,13.95,1.267,2.29,1
83.798,14,NaN,21,200,1.5,31.7,1.104,14.25,1.508,2.51,1.1
83.798,14,NaN,19,250,1.5,31.9,1.0224,14.65,1.375,2.51,1.1
83.798,14,NaN,17.5,275,1.5,32.2,0.934254545454546,13.8,1.28,2.51,1.1
83.798,14,NaN,15,200,1.5,33.3,0.711272727272727,8.65,1.09,1.83,0.8
83.798,14,NaN,15,280,1.5,32.8,0.754909090909091,10.75,1.2,1.83,0.8
83.798,14,NaN,23.4,200,1.5,62.2,1.30363636363636,16.5,1.75,2.74,1.2
83.798,14,NaN,23.8,200,1.5,62.1,1.33090909090909,16.9,1.75,3.2,1.4
83.798,14,NaN,24.2,200,1.5,61.5,1.34945454545455,16.95,1.75,4.11,1.8
83.798,14,NaN,25.7,200,1.5,61.3,1.50436363636364,18.95,2,2.74,1.2
83.798,14,NaN,26.1,200,1.5,61.2,1.52181818181818,19.3,2,3.2,1.4
83.798,14,NaN,27,200,1.5,60.9,1.55127272727273,19.25,2,4.11,1.8
83.798,14,NaN,27.7,200,1.5,60.6,1.67454545454545,21.2,2.25,2.74,1.2
83.798,14,NaN,28.3,200,1.5,60.4,1.69854545454545,21.5,2.25,3.2,1.4
83.798,14,NaN,29.4,200,1.5,60.2,1.73563636363636,21.85,2.25,4.11,1.8
83.798,14,NaN,18,180,1.5,63.1,0.844363636363636,10,1.215,2.29,1
83.798,14,NaN,19,160,1.5,62.5,0.876436363636364,9.7,1.36,2.29,1
83.798,14,NaN,20,140,1.5,62.1,0.875127272727273,8.55,1.457,2.29,1
83.798,14,NaN,21,130,1.5,61.8,0.890181818181818,8.3,1.55,2.29,1
83.798,14,NaN,22,120,1.5,61.5,0.882545454545455,8.05,1.625,2.29,1
83.798,14,NaN,24,100,1.5,61.4,0.767345454545455,6.1,1.7,2.29,1
39.948,15.8,NaN,50,121,1,45.6,0.612436363636364,3.95,1.2,3.2,1.4
39.948,15.8,NaN,50,133,1,45.5,0.645818181818182,4.2,1.2,4,2.4
39.948,15.8,NaN,60,138,1,45.7,0.610909090909091,3.6,1.2,3,5
39.948,15.8,NaN,30,248,1.5,52,1.24145454545455,11.95,1.618,2.7,1.2
39.948,15.8,NaN,35,205,1.5,52,1.38981818181818,11.65,1.912,3.2,1.4
39.948,15.8,NaN,31,262,1.5,50.7,1.34727272727273,13.7,1.712,2.7,1.3
39.948,15.8,NaN,31,266,1,50.7,1.33309090909091,13.6,1.692,3,1.3
39.948,15.8,NaN,33,250,1.5,54,0,NaN,1.75,1.85,2.75
39.948,15.8,NaN,28,250,1.5,NaN,0,NaN,NaN,NaN,NaN
39.948,15.8,NaN,28,250,2,49,1.14763636363636,10.65,1.685,1.7,1
39.948,15.8,NaN,28,250,2,49.5,1.04683636363636,10.2,1.625,1.36,0.8
39.948,15.8,NaN,28,250,2,49.5,1.06690909090909,10.7,1.59,1.53,0.9
39.948,15.8,NaN,28,250,2,49.5,1.13890909090909,10.8,1.708,1.7,1
39.948,15.8,NaN,28,250,2,49.5,1.13890909090909,10.85,1.685,1.78,1.05
39.948,15.8,NaN,28,250,2,NaN,0,NaN,NaN,NaN,NaN
39.948,15.8,NaN,33,210,2,52,1.34181818181818,11.5,1.834,2.4,1.1
39.948,15.8,NaN,33,210,2,52,1.37236363636364,11.9,1.907,2.18,1
39.948,15.8,NaN,33,210,2,52,1.39745454545455,12.6,1.957,2,1
39.948,15.8,NaN,33,210,2,52,1.3824,12.2,1.935,2.1,1.05
39.948,15.8,NaN,33,210,2,52,1.36581818181818,12.15,1.885,2.2,1.1
39.948,15.8,NaN,33,210,2,52,1.34727272727273,12.05,1.84,2.3,1.15
39.948,15.8,NaN,33,210,2,52,1.32872727272727,12.1,1.795,2.4,1.2
39.948,15.8,NaN,33,210,2,52,1.32436363636364,12.1,1.787,2.5,1.25
39.948,15.8,NaN,33,210,2,52,1.32218181818182,12.05,1.78,2.6,1.3
39.948,15.8,NaN,33,210,2,52,1.31781818181818,12,1.772,2.7,1.35
39.948,15.8,NaN,31.1,200,2,61,1.17818181818182,9.95,1.75,1.9,0.95
39.948,15.8,NaN,32.3,200,2,61.2,1.21527272727273,10.2,1.75,2,1
39.948,15.8,NaN,33.3,200,2,61.8,1.25890909090909,10.85,1.75,2.2,1.1
39.948,15.8,NaN,35.1,200,2,61.1,1.42909090909091,12.25,2,2,1
39.948,15.8,NaN,35.8,200,2,61.3,1.45309090909091,12.45,2,2.4,1.2
39.948,15.8,NaN,36.4,200,2,61.3,1.48363636363636,12.6,2,2.8,1.4
39.948,15.8,NaN,37.4,200,2,60.7,1.61236363636364,13.75,2.25,2,1
39.948,15.8,NaN,38,200,2,60.7,1.63636363636364,13.95,2.25,2.4,1.2
39.948,15.8,NaN,38.7,200,2,60.7,1.66909090909091,14.2,2.25,2.8,1.4
39.948,15.8,NaN,39.2,200,2,60.4,1.69745454545455,14.45,2.25,3.2,1.6
39.948,15.8,NaN,28,190,2,61.4,0.896727272727273,7.35,1.465,1.4,0.7
39.948,15.8,NaN,30,170,2,61.3,0.984,7.5,1.632,1.6,0.8
39.948,15.8,NaN,35,170,2,61.3,1.23490909090909,9.4,1.835,2.4,1.2
39.948,15.8,NaN,36,160,2,61.1,1.21309090909091,9,1.86,2.4,1.2
44.0095,13.7,5.45,45,172.5,1.5,50,1.01716363636364,8.1,1.7,3.2,1.8
44.0095,13.7,5.45,45,196,1.5,50,1.104,8.05,1.79,4,3.6
44.0095,13.7,5.45,45,200,1.5,50,1.26130909090909,9.2,2,4,3.6
44.0095,13.7,5.45,45,210,1.5,50,1.38436363636364,10.05,2.15,4.1,3.6
44.0095,13.7,5.45,47,199.8,1.5,50,1.23490909090909,9.1,2,4.3,3.8
44.0095,13.7,5.45,34,250,1.5,51,1.23927272727273,10.1,1.78,4.1,3.6
44.0095,13.7,5.45,34,244,1.5,51,1.128,9.4,1.64,4.3,3.8
44.0095,13.7,5.45,33,250,2,50,1.25890909090909,9.65,1.78,3.85,3.4
44.0095,13.7,5.45,33,250,2,50,1.24145454545455,9.7,1.758,4.1,3.6
44.0095,13.7,5.45,33,250,2,50,1.21745454545455,10.05,1.723,4.32,3.8
44.0095,13.7,5.45,33,250,2,50,1.20654545454545,9.9,1.711,4.45,3.9
44.0095,13.7,5.45,33,250,2,50,1.19345454545455,9.7,1.691,4.55,4
44.0095,13.7,5.45,43.7,200,2,60.4,1.42909090909091,11.45,2,1.65,1.35
44.0095,13.7,5.45,43.15,200,2,60.4,1.43345454545455,11.25,2,1.6,1.3
44.0095,13.7,5.45,40,200,2,61.4,1.14763636363636,8.75,1.75,3.85,3.4
44.0095,13.7,5.45,40.35,200,2,61,1.15418181818182,8.95,1.75,4.1,3.6
44.0095,13.7,5.45,40.85,200,2,61,1.15854545454545,8.85,1.75,4.32,3.8
44.0095,13.7,5.45,42.7,200,2,60.2,1.32872727272727,9.95,2,3.85,3.4
44.0095,13.7,5.45,43.15,200,2,60.2,1.32654545454545,10.15,2,4.1,3.6
44.0095,13.7,5.45,43.7,200,2,60.2,1.32654545454545,10.05,2,4.32,3.8
44.0095,13.7,5.45,45,200,2,59.5,1.49454545454545,11.1,2.25,3.85,3.4
44.0095,13.7,5.45,45.4,200,2,59.5,1.48363636363636,11,2.25,4.1,3.6
44.0095,13.7,5.45,45.95,200,2,59.5,1.48363636363636,11,2.25,4.32,3.8
44.0095,13.7,5.45,41,161.5,2,62.5,0.794181818181818,6.2,1.275,1.4,1
44.0095,13.7,5.45,41,167.5,2,63,0.816,6.25,1.275,1.4,1.23
44.0095,13.7,5.45,41,177,2,62.7,0.776727272727273,5.9,1.275,3.85,3.4
44.0095,13.7,5.45,41,155,2,64.5,0.6,4.7,1,1.4,1
44.0095,13.7,5.45,41,144,2,68.5,0.279272727272727,2.35,0.5,1.4,1
44.0095,13.7,5.45,38,177,2,63.7,0.837818181818182,6.6,1.275,1.4,1
44.0095,13.7,5.45,38,166,2,64.8,0.634909090909091,5.15,1,1.4,1
44.0095,13.7,5.45,38,150,2,68.4,0.281454545454545,2.45,0.5,1.4,1
44.0095,13.7,5.45,40.6,200,2,62,1.23709090909091,9.94999999999999,1.75,1.6,1.4
44.0095,13.7,5.45,42.4,200,2,62,1.41381818181818,11.1,2,1.6,1.4
44.0095,13.7,5.45,45.1,200,2,61.4,1.61018181818182,12.45,2.25,1.6,1.4
44.0095,13.7,5.45,39,210,2.5,61.5,1.31345454545455,10.2,1.925,3.65,3.2
44.0095,13.7,5.45,37.5,210,2,61.8,1.19781818181818,9.3,1.765,3.65,3.2
44.0095,13.7,5.45,35,210,2,62.7,1.03418181818182,8.15,1.535,3.65,3.2
44.0095,13.7,5.45,36,220,2,62,1.248,9,1.812,3.65,3.2
44.0095,13.7,5.45,35,220,2,62.3,1.16072727272727,9.15,1.69,3.65,3.2
44.0095,13.7,5.45,35,230,2,61.8,1.29163636363636,10.35,1.851,3.65,3.2
44.0095,13.7,5.45,34.5,230,2,61.5,1.23272727272727,9.85,1.771,3.85,3.4
44.0095,13.7,5.45,33.7,240,2,61.6,1.27636363636364,10.5,1.82,3.85,3.4
44.0095,13.7,5.45,33.5,240,2,61.8,1.24145454545455,10.2,1.766,4.1,3.6
44.0095,13.7,5.45,48,190,2,61.2,1.488,NaN,2.31,3.65,3.2
44.0095,13.7,5.45,46,190,2,61.3,1.36363636363636,10.05,2.12,3.65,3.2
44.0095,13.7,5.45,44,190,2,61.6,1.28727272727273,9.55,2,3.65,3.2
44.0095,13.7,5.45,42,190,2,62,1.15636363636364,8.85,1.8,3.65,3.2
44.0095,13.7,5.45,40,190,2,62.3,1.02109090909091,7.85,1.595,3.65,3.2
44.0095,13.7,5.45,38,190,2,63.1,0.898909090909091,6.94999999999999,1.4,3.65,3.2
44.0095,13.7,5.45,37,190,2,63.5,0.837818181818182,6.5,1.31,3.65,3.2
28.0134,15.58,9.76,75,180,1,44.5,0.935781818181818,6.35,1.5,1.2,2.6
28.0134,15.58,9.76,85,195,1,44.5,0.876,4.9,1.5,2.5,5
28.0134,15.58,9.76,90,190,1,44.4,0.863345454545455,4.85,1.5,3,5.1
28.0134,15.58,9.76,90,160,1,44.4,0.857672727272727,5.4,1.5,1.6,1
28.0134,15.58,9.76,70,199,1.5,51,1.26349090909091,8.55,2.02,3.45,2.5
28.0134,15.58,9.76,70,204,1.5,51,1.24363636363636,8.5,1.96,4.1,3
28.0134,15.58,9.76,70,213,1.5,51,1.19563636363636,8.1,1.88,4.6,3.5
28.0134,15.58,9.76,70,212,1.5,51,1.36581818181818,9.3,2.13,3.45,2.5
28.0134,15.58,9.76,70,216,1.5,51,1.33745454545455,9.1,2.08,4.1,3
28.0134,15.58,9.76,70,219.5,1.5,51,1.32392727272727,8.95,2.055,4.6,3.5
28.0134,15.58,9.76,55,250,2,NaN,0,NaN,1.725,3.85,3.4
28.0134,15.58,9.76,55,250,2,51,1.11927272727273,7.45,1.648,3.85,3.4
28.0134,15.58,9.76,55,250,2,51,1.10290909090909,7.85,1.626,4.1,3.6
28.0134,15.58,9.76,55,250,2,51,1.08872727272727,8.2,1.6,4.32,3.8
28.0134,15.58,9.76,55,250,2,51,1.07345454545455,7.9,1.583,4.45,3.9
28.0134,15.58,9.76,55,250,2,51,1.06581818181818,7.3,1.565,4.55,4
28.0134,15.58,9.76,63.8,200,2,61.3,1.11927272727273,7.4,1.75,3.85,3.4
28.0134,15.58,9.76,64.4,200,2,61.4,1.09090909090909,7.25,1.75,4.1,3.6
28.0134,15.58,9.76,66.5,200,2,61.2,1.10618181818182,7.1,1.75,4.32,3.8
28.0134,15.58,9.76,69.8,200,2,60.5,1.29294545454545,8.45,2,3.85,3.4
28.0134,15.58,9.76,70.9,200,2,60.6,1.29381818181818,8.6,2,4.1,3.6
28.0134,15.58,9.76,71.9,200,2,60.6,1.29163636363636,8.6,2,4.32,3.8
28.0134,15.58,9.76,72.3,200,2,59.7,1.45636363636364,9.3,2.25,3.85,3.4
28.0134,15.58,9.76,74.2,200,2,59.8,1.4544,9.7,2.25,4.1,3.6
28.0134,15.58,9.76,75.4,200,2,59.6,1.45090909090909,9.45,2.25,4.32,3.8
28.0134,15.58,9.76,60,200,2,62.8,0.778909090909091,5.2,1.205,3.64,3.2
28.0134,15.58,9.76,64,190,2,62.2,0.861818181818182,5.75,1.357,3.41,3
28.0134,15.58,9.76,68,180,2,63.2,0.728727272727273,5,1.175,3.41,3
