Anode Mass Flow Rate [mg/s],Thrust [mN],Cathode Keeper Voltage [V],Discharge Voltage [V],Discharge Current [A],Beam Current [A],Electromagnetic Inner Coil Current [A],Electromagnetic Outer Coil Current [A],
16.5,9.6,0,300,0.607,0,1.9,1.6,
16.5,9.6,0,300,0.625,0,1.9,1.6,
16.5,9.8,0,300,0.649,0,1.7,1.4,
18.8,11.5,0,300,0.711,0,2.25,1.85,
18.8,11.8,0,300,0.729,0,2.25,1.85,
18.8,11.3,0,300,0.72,0,2.25,1.85,
21.1,13.8,0,300,0.833,0,3.2,3,
21.1,13.7,0,300,0.83,0,2.66,2.16,
21.1,13.5,0,300,0.827,0,2.25,1.85,
23.5,15.6,0,300,0.936,0,2.66,2.16,
23.5,15.6,0,300,0.939,0,2.66,2.16,
24.5,16.3,0,300,0.982,0,2.25,1.85,
24.9,16.6,0,300,1,0,2.25,1.85,
16.5,10.1,0,300,0.618,0,2.25,1.85,
16.5,10.3,0,300,0.628,0,2.25,1.85,
18.8,11.9,0,300,0.725,0,2.25,1.85,
21.1,13.8,0,300,0.836,0,2.66,2.16,
21.1,14,0,300,0.844,0,2.66,2.16,
23.5,16,0,300,0.943,0,2.25,1.85,
25.8,17.9,0,300,1.048,0,2.25,1.85,
25.8,18,0,300,1.045,0,2.25,1.85,
30.5,22.1,0,300,1.257,0,2.25,1.85,
16.9,9.2,0,250,0.641,0,1.9,1.6,
16.9,9.5,0,250,0.64,0,2.25,1.85,
16.9,9.4,0,250,0.64,0,2.25,1.85,
16.9,9.5,0,250,0.645,0,2.25,1.85,
20.6,12.1,0,250,0.803,0,2.25,1.85,
20.6,12,0,250,0.807,0,2.25,1.85,
19.4,11.2,0,250,0.765,0,1.7,1.4,
19.4,11.3,0,250,0.761,0,1.9,1.6,
19.4,11.2,0,250,0.757,0,1.9,1.6,
21.8,13.1,0,250,0.87,0,1.9,1.6,
21.8,13,0,250,0.86,0,1.9,1.6,
24.2,14.7,0,250,0.967,0,2.66,2.16,
24.2,14.8,0,250,0.979,0,1.9,1.6,
26.6,16.7,0,250,1.077,0,2.25,1.85,
26.6,16.7,0,250,1.072,0,2.25,1.85,
29,18.5,0,250,1.185,0,2.25,1.85,
29,18.6,0,250,1.183,0,2.25,1.85,
31.4,20.4,0,250,1.305,0,2.25,1.85,
36.2,24.1,0,250,1.54,0,2.66,2.16,
36.2,24.4,0,250,1.576,0,2.25,1.85,
16.5,9.4,0,275,0.598,0,2.66,2.16,
16.5,9.4,0,275,0.609,0,2.25,1.85,
18.8,11.1,0,275,0.714,0,2.25,1.85,
18.8,11.3,0,275,0.717,0,2.25,1.85,
21.1,13,0,275,0.823,0,2.66,2.16,
23.5,15.2,0,275,0.945,0,2.66,2.16,
23.5,15.2,0,275,0.928,0,2.25,1.85,
25.8,16.9,0,275,1.037,0,2.25,1.85,
25.8,17,0,275,1.033,0,2.25,1.85,
27.3,18.1,0,275,1.105,0,2.25,1.85,
27.3,18.3,0,275,1.099,0,2.25,1.85,
30.5,21.1,0,275,1.258,0,2.25,1.85,
35.2,25,0,275,1.475,0,2.66,2.16,
21.1,13.4,0,275,0.83,0,1.9,1.6,
19,11.2,0,275,0.73,0,2.25,1.85,
19,11.6,0,275,0.728,0,1.9,1.6,
15.7,8.6,0,250,0.565,0,2.25,1.85,
15.7,9.05,0,250,0.6,0,1.1,2.45,
16.9,9.95,0,250,0.637,0,2.25,1.85,
16.9,10.6,0,250,0.662,0,1.1,2.45,
19.4,11.75,0,250,0.749,0,2.25,1.85,
19.4,12.2,0,250,0.771,0,1.2,2.45,
20.6,12.65,0,250,0.805,0,2.25,1.85,
20.6,13.2,0,250,0.834,0,1.2,2.45,
21.8,13.45,0,250,0.86,0,2.25,1.85,
21.8,14.2,0,250,0.885,0,1.25,2.45,
24.2,15.3,0,250,0.97,0,2.25,1.85,
24.2,16.05,0,250,0.98,0,1.45,2.7,
26.6,17.25,0,250,1.077,0,2.25,1.85,
26.6,18.05,0,250,1.111,0,1.45,2.7,
29,19.2,0,250,1.197,0,2.25,1.85,
29,19.65,0,250,1.18,0,1.6,3.5,
16.5,9.7,0,275,0.605,0,2.25,1.85,
16.5,10.1,0,275,0.633,0,1.2,2.7,
18.8,12.15,0,275,0.721,0,1.25,3,
18.8,11.55,0,275,0.715,0,2.25,1.85,
19,11.7,0,275,0.726,0,2.25,1.85,
19,12.4,0,275,0.733,0,1.2,3,
21.1,13.3,0,275,0.824,0,2.25,1.85,
21.1,14.25,0,275,0.83,0,1.4,3,
23.5,15.45,0,275,0.934,0,2.66,2.16,
23.5,16.3,0,275,0.939,0,1.25,3.2,
25.8,17.3,0,275,1.052,0,2.25,1.85,
25.8,18.1,0,275,1.052,0,1.3,3,
28.2,19.5,0,275,1.161,0,2.25,1.85,
28.2,19.75,0,275,1.189,0,1.2,2.6,
30.5,21.65,0,275,1.27,0,2.25,1.85,
30.5,21.9,0,275,1.315,0,1.3,2.7,
16.5,10.2,0,300,0.597,0,2.66,2.16,
16.5,10.75,0,300,0.622,0,1.2,3.2,
18.8,12.2,0,300,0.722,0,2.25,1.85,
18.8,12.8,0,300,0.724,0,1.25,3,
19,12.4,0,300,0.718,0,2.66,2.16,
19,12.95,0,300,0.732,0,1.25,3.2,
21.1,14.1,0,300,0.825,0,2.25,1.85,
21.1,14.95,0,300,0.827,0,1.4,3.2,
23.5,16.1,0,300,0.946,0,2.25,1.85,
23.5,16.7,0,300,0.927,0,1.45,3.25,
25.8,18.1,0,300,1.054,0,2.25,1.85,
25.8,18.3,0,300,1.044,0,1.6,3.7,
28.2,20,0,300,1.183,0,2.25,1.85,
28.2,20.85,0,300,1.186,0,1.25,2.7,
30.5,22.05,0,300,1.33,0,2.25,1.85,
30.5,23.1,0,300,1.322,0,1.2,2.7,
18.8,13.2,0,350,0.722,0,2.25,1.85,
18.8,13.45,0,350,0.753,0,1.2,3,
18.8,13.35,0,350,0.772,0,1.25,2.7,
16.5,9.05,0,275,0.573,0.420436364,3.2,1.4,
16.5,8.5,0,275,0.548,0.411927273,1.85,2.25,
16.5,8.5,0,275,0.55,0.415636364,2.16,2.66,
18.8,11.05,0,275,0.683,0.521890909,3.2,1.4,
18.8,10.85,0,275,0.684,0.510109091,3.2,1.4,
18.8,11,0,275,0.687,0.517090909,3.2,1.4,
18.8,10.95,0,275,0.689,0.514472727,3.2,1.4,
18.8,10.25,0,275,0.657,0.498763636,1.85,2.25,
18.8,10.3,0,275,0.657,0.502254545,2.16,2.66,
19,11.3,0,275,0.69,0.511636364,3.2,1.4,
19,10.9,0,275,0.667,0.500072727,1.85,2.25,
19,10.7,0,275,0.67,0.507054545,2.16,2.66,
19,9.7,0,221,0.678,0.498545455,3.2,1.4,
19,11.8,0,288,0.696,0.516654545,3.2,1.4,
19,12.35,0,310,0.711,0.526909091,3.2,1.4,
19,13.25,0,350,0.713,0.5256,3.2,1.4,
19,14.2,0,416,0.722,0.538909091,3.2,1.4,
19,14.65,0,476,0.736,0.541090909,3.2,1.4,
19,12.75,0,523,0.766,0.538036364,3.2,1.4,
19,10.4,0,543,0.776,0.536290909,3.2,1.4,
21.1,13.1,0,275,0.783,0.596727273,3.2,1.4,
21.1,12.45,0,275,0.772,0.590618182,1.85,2.25,
21.1,12.65,0,275,0.782,0.593236364,2.16,2.66,
23.5,14.85,0,275,0.896,0.677018182,3.2,1.4,
23.5,14.25,0,275,0.873,0.667636364,1.85,2.25,
23.5,14.45,0,275,0.885,0.677890909,2.16,2.66,
25.8,16.85,0,275,1,0.768436364,3.2,1.4,
25.8,16.1,0,275,0.973,0.757309091,1.85,2.25,
25.8,16.25,0,275,0.988,0.771709091,2.16,2.66,
28.2,18.6,0,275,1.121,0.862690909,3.2,1.4,
28.2,17.9,0,275,1.087,0.8496,1.85,2.25,
28.2,18,0,275,1.096,0.864436364,2.16,2.66,
19,10.55,0,250,0.688,0.502909091,3.2,1.4,
19,10.85,0,260,0.691,0.507272727,3.2,1.4,
19,11.25,0,270,0.695,0.5112,3.2,1.4,
19,11.5,0,280,0.697,0.514254545,3.2,1.4,
19,11.8,0,290,0.7,0.516654545,3.2,1.4,
19,12.05,0,300,0.702,0.518836364,3.2,1.4,
19,12.25,0,310,0.702,0.521018182,3.2,1.4,
19,12.45,0,320,0.703,0.5232,3.2,1.4,
19,12.65,0,330,0.705,0.525818182,3.2,1.4,
19,12.9,0,340,0.707,0.528,3.2,1.4,
19,13.05,0,350,0.706,0.529963636,3.2,1.4,
19,13.1,0,360,0.708,0.531927273,3.2,1.4,
19,13.35,0,370,0.707,0.533236364,3.2,1.4,
19,13.45,0,380,0.71,0.534545455,3.2,1.4,
19,13.6,0,390,0.711,0.536945455,3.2,1.4,
19,13.8,0,400,0.713,0.537163636,3.2,1.4,
19,14.1,0,410,0.718,0.5376,3.2,1.4,
19,14.06,0,420,0.718,0.531272727,3.2,1.4,
19,14.3,0,430,0.722,0.530836364,3.2,1.4,
19,14.5,0,440,0.723,0.532363636,3.2,1.4,
19,14.55,0,450,0.729,0.532363636,3.2,1.4,
19,12.9,0,350,0.699,0.515563636,3.2,1.4,
19,12.8,0,350,0.661,0.505745455,4.2,2.7,
19,12.6,0,350,0.659,0.508363636,4.2,2.7,
19,13.5,0,350,0.6878,0.535636364,4.1,2.7,
19,13.5,0,350,0.687,0.534545455,4.2,2.7,
19,13.5,0,350,0.686,0.533890909,4.2,2.6,
19,13.475,0,350,0.686,0.534327273,4.2,2.7,
19,14.2,0,400,0.67,0.530181818,4.2,2.7,
19,14,0,400,0.67,0.529090909,4.2,2.7,
15.7,8.5,0,250,0.56,0.433309091,1.85,2.25,
15.7,9,0,250,0.577,0.443345455,3.2,1.4,
16.9,9.55,0,250,0.614,0.476072727,1.85,2.25,
16.9,10.05,0,250,0.632,0.488290909,3.2,1.4,
19.4,11.4,0,250,0.729,0.572945455,1.85,2.25,
19.4,11.9,0,250,0.741,0.578618182,3.2,1.4,
20.6,12.4,0,250,0.783,0.624436364,1.85,2.25,
20.6,12.9,0,250,0.792,0.627490909,3.2,1.4,
21.8,13.3,0,250,0.838,0.673527273,1.85,2.25,
21.8,13.9,0,250,0.847,0.673745455,3.2,1.4,
24.2,15.6,0,250,0.957,0.771054545,1.85,2.25,
24.2,16.15,0,250,0.966,0.753818182,3.2,1.4,
26.6,17.4,0,250,1.072,0.876436364,1.85,2.25,
26.6,18.1,0,250,1.083,0.846763636,3.2,1.4,
29,19.5,0,250,1.184,0.966327273,1.85,2.25,
29,20.15,0,250,1.213,0.942763636,3.2,1.4,
14.3,8.5,0,275,0.511,0.387490909,3.2,1.4,
14.3,7.85,0,250,0.511,0.387272727,3.2,1.4,
14.3,7.65,0,240,0.51,0.385309091,3.2,1.4,
14.3,7.5,0,230,0.517,0.385963636,3.2,1.4,
14.3,7.1,0,220,0.524,0.384218182,3.2,1.4,
14.7,8.1,0,275,0.526,0.409745455,1.85,2.25,
14.7,8.8,0,275,0.536,0.408872727,3.2,1.4,
16.5,9.5,0,275,0.583,0.493745455,1.85,2.25,
16.5,10.1,0,275,0.605,0.515563636,3.2,1.4,
16.5,9.65,0,275,0.592,0.461454545,1.85,2.25,
16.5,10.2,0,275,0.613,0.4728,3.2,1.4,
18.8,11.6,0,275,0.696,0.542836364,1.85,2.25,
18.8,12.05,0,275,0.719,0.555490909,3.2,1.4,
19,11.7,0,275,0.732,0.621381818,3.2,1.4,
19,11.3,0,275,0.703,0.607636364,1.85,2.25,
19,11.6,0,275,0.698,0.601745455,1.85,2.25,
19,12.1,0,275,0.722,0.625963636,3.2,1.4,
19,11.6,0,275,0.698,0.602181818,1.85,2.25,
19,12.05,0,275,0.719,0.620509091,3.2,1.4,
19,11.75,0,275,0.704,0.553745455,1.85,2.25,
19,12.2,0,275,0.728,0.569018182,3.2,1.4,
19,12.45,0,275,0.722,0.5664,1.85,2.25,
19,12.85,0,275,0.729,0.574254545,3.2,1.4,
19,11.9,0,275,0.708,0.557890909,1.85,2.25,
19,12.5,0,275,0.739,0.576872727,3.2,1.4,
21.1,13.55,0,275,0.804,0.632290909,1.85,2.25,
21.1,14.1,0,275,0.824,0.642763636,3.2,1.4,
23.5,15.6,0,275,0.912,0.720436364,1.85,2.25,
23.5,16.3,0,275,0.933,0.728945455,3.2,1.4,
25.8,17.55,0,275,1.019,0.817090909,1.85,2.25,
25.8,18.4,0,275,1.043,0.821018182,3.2,1.4,
28.2,19.7,0,275,1.121,0.901090909,1.85,2.25,
28.2,20.4,0,275,1.148,0.896945455,3.2,1.4,
14.7,8.45,0,300,0.527,0.406472727,1.85,2.25,
14.7,9.15,0,300,0.54,0.406036364,3.2,1.4,
16.5,10.25,0,300,0.6,0.455563636,1.85,2.25,
16.5,10.85,0,300,0.622,0.471490909,3.2,1.4,
18.8,12.15,0,300,0.699,0.541090909,1.85,2.25,
18.8,12.8,0,300,0.726,0.557454545,3.2,1.4,
19,12.5,0,300,0.71,0.550254545,1.85,2.25,
19,13.05,0,300,0.736,0.564218182,3.2,1.4,
21.1,14.2,0,300,0.807,0.630545455,1.85,2.25,
21.1,14.9,0,300,0.829,0.643636364,3.2,1.4,
23.5,16.3,0,300,0.915,0.718690909,1.85,2.25,
23.5,17,0,300,0.922,0.723272727,3.2,1.4,
25.8,18.4,0,300,1.033,0.806181818,1.85,2.25,
25.8,19.3,0,300,1.041,0.805309091,3.2,1.4,
28.2,20.7,0,300,1.174,0.922690909,1.85,2.25,
28.2,21.95,0,300,1.173,0.922036364,3.2,1.4,
14.7,9.55,0,330,0.54,0.401454545,1.85,2.25,
14.7,9.9,0,330,0.604,0.425454545,3,1.4,
16.5,10.9,0,330,0.604,0.455563636,1.85,2.25,
16.5,11.5,0,330,0.646,0.474981818,3.2,1.4,
18.8,12.7,0,330,0.7,0.536072727,1.85,2.25,
18.8,13.4,0,330,0.73,0.548727273,3.2,1.4,
19,13.1,0,330,0.717,0.553309091,1.85,2.25,
19,13.7,0,330,0.746,0.567490909,3.2,1.4,
21.1,15.15,0,330,0.823,0.640363636,1.85,2.25,
21.1,15.5,0,330,0.839,0.6432,3.2,1.4,
23.5,17.45,0,330,0.94,0.738545455,1.85,2.25,
23.5,18.05,0,330,0.953,0.739418182,3.2,1.4,
25.8,19.6,0,330,1.059,0.809236364,1.85,2.25,
25.8,19.95,0,330,1.072,0.794618182,3.2,1.4,
28.2,22.05,0,330,1.187,0.916581818,1.85,2.25,
28.2,22.45,0,330,1.2,0.894545455,3.2,1.4,
16.5,11.5,0,370,0.622,0.458181818,1.85,2.25,
16.5,12.05,0,370,0.66,0.472581818,3.2,1.4,
18.8,13.85,0,370,0.732,0.548727273,1.85,2.25,
16.9,9.2,0,250,0.591,0.466254545,1.85,2.25,
16.9,9.75,0,250,0.623,0.473672727,3.2,1.4,
19.4,10.95,0,250,0.701,0.554618182,1.85,2.25,
19.4,11.7,0,250,0.735,0.567272727,3.2,1.4,
20.6,12,0,250,0.764,0.605236364,1.85,2.25,
20.6,12.75,0,250,0.789,0.613963636,3.2,1.4,
21.8,13.1,0,250,0.819,0.641890909,1.85,2.25,
21.8,13.75,0,250,0.841,0.642763636,3.2,1.4,
24.2,15.1,0,250,0.929,0.7464,1.85,2.25,
24.2,15.85,0,250,0.955,0.742909091,3.2,1.4,
26.6,17.1,0,250,1.04,0.84,1.85,2.25,
26.6,17.8,0,250,1.054,0.825818182,3.2,1.4,
29,18.95,0,250,1.143,0.927927273,1.85,2.25,
29,19.95,0,250,1.18,0.930545455,3.2,1.4,
16.5,9.45,0,275,0.572,0.461672727,1.85,2.25,
16.5,9.9,0,275,0.609,0.469527273,3.2,1.4,
18.8,10.55,0,275,0.661,0.527127273,1.85,2.25,
18.8,10.9,0,275,0.682,0.536290909,3.2,1.4,
18.8,11.3,0,275,0.675,0.551345455,1.85,2.25,
18.8,11.85,0,275,0.717,0.5592,3.2,1.4,
18.8,11.2,0,275,0.671,0.546763636,1.85,2.25,
18.8,11.95,0,275,0.723,0.558981818,3.2,1.4,
18.8,12,0,275,0.735,0.546763636,3.2,1.4,
19,11.35,0,275,0.683,0.558327273,1.85,2.25,
19,12.1,0,275,0.728,0.570109091,3.2,1.4,
21.1,13.1,0,275,0.776,0.637527273,1.85,2.25,
21.1,13.85,0,275,0.813,0.651490909,3.2,1.4,
23.5,15.1,0,275,0.881,0.729163636,1.85,2.25,
23.5,15.9,0,275,0.91,0.735490909,3.2,1.4,
25.8,17,0,275,0.983,0.812509091,1.85,2.25,
25.8,18,0,275,1.019,0.822545455,3.2,1.4,
28.2,19.25,0,275,1.098,0.912654545,1.85,2.25,
28.2,20.25,0,275,1.127,0.918545455,3.2,1.4,
16.5,9.8,0,300,0.578,0.455345455,1.85,2.25,
16.5,10.2,0,300,0.616,0.467127273,3.2,1.4,
17.8,11.3,0,300,0.667,0.491127273,3.2,1.4,
18.8,11.8,0,300,0.677,0.545018182,1.85,2.25,
18.8,12.85,0,300,0.729,0.561163636,3.2,1.4,
19,12,0,300,0.685,0.552218182,1.85,2.25,
19,12.8,0,300,0.741,0.572727273,3.2,1.4,
21.1,13.6,0,300,0.777,0.629018182,1.85,2.25,
21.1,14.5,0,300,0.804,0.639272727,3.2,1.4,
23.5,15.7,0,300,0.883,0.72,1.85,2.25,
23.5,16.65,0,300,0.909,0.723054545,3.2,1.4,
25.8,17.8,0,300,1.003,0.804654545,1.85,2.25,
25.8,18.75,0,300,1.014,0.807709091,3.2,1.4,
28.2,19.95,0,300,1.12,0.901527273,1.85,2.25,
28.2,20.85,0,300,1.129,0.903709091,3.2,1.4,
24.2,15.4,0,275,1.023,0.860072727,3.2,1.4,
24.2,15.5,0,275,0.997,0.853527273,3.2,1.4,
18.8,10.8,0,275,0.737,0.611629091,3.2,1.4,
24.2,15.1,0,275,1,0.843272727,3.2,1.4,
24.2,14.7,0,275,1,0.808450909,3.2,1.4,
25.4,17.25,0,300,1.065,0.894109091,3.2,1.4,
25.4,16.1,0,300,1.064,0.886254545,3.2,1.4,
25.4,16.55,0,300,1.058,0.891054545,3.2,1.4,
23,14.6,0,300,0.935,0.785454545,3.2,1.4,
23,14.3,0,300,0.935,0.789818182,3.2,1.4,
20.6,12.1,0,300,0.811,0.676363636,3.2,1.4,
23,14.55,0,300,0.93,0.792436364,3.2,1.4,
18.8,10.5,0,275,0.723,0.591272727,3.2,1.4,
18.8,10.45,0,275,0.73,0.5976,3.2,1.4,
26.6,15.8,0,250,1.15,0.930894545,3.2,1.4,
25.4,17.65,0,300,1.16,0.938181818,3.2,1.4,
18.8,7.8,0,200,0.72,0.534545455,3.2,1.4,
15.7,8.25,0,250,0.605,0.4752,3.2,1.4,
15.7,9.1,0,275,0.596,0.472581818,3.2,1.4,
15.7,9.6,0,300,0.605,0.487636364,3.2,1.4,
15.7,10.55,0,350,0.628,0.507490909,3.2,1.4,
15.7,11.55,0,400,0.647,0.519709091,3.2,1.4,
15.7,12.35,0,450,0.694,0.536727273,3.2,1.4,
18.8,11.6,0,275,0.75,0.551563636,3.2,1.4,
18.8,10.9,0,250,0.752,0.597163636,3.2,1.4,
18.8,11.6,0,275,0.758,0.605454545,3.2,1.4,
18.8,12.25,0,300,0.763,0.614618182,3.2,1.4,
18.8,13.45,0,350,0.776,0.627272727,3.2,1.4,
18.8,14.5,0,400,0.795,0.650181818,3.2,1.4,
18.8,15.6,0,450,0.82,0.650181818,3.2,1.4,
18.8,11.6,0,275,0.763,0.605454545,3.2,1.4,
19,11.8,0,275,0.775,0.571636364,3.2,1.4,
19,11.7,0,275,0.769,0.573381818,3.2,1.4,
15.7,8.55,0,250,0.64,0.4752,3.2,1.4,
15.7,9.25,0,275,0.642,0.472581818,3.2,1.4,
15.7,9.75,0,300,0.645,0.487636364,3.2,1.4,
15.7,10.75,0,350,0.664,0.507490909,3.2,1.4,
15.7,11.7,0,400,0.685,0.519709091,3.2,1.4,
15.7,12.8,0,450,0.717,0.507490909,3.2,1.4,
15.7,13.25,0,500,0.76,0.519709091,3.2,1.4,
15.7,14,0,550,0.77,0.519709091,3.2,1.4,
15.7,14.9,0,600,0.8,0.536727273,3.2,1.4,
18.8,10.9,0,250,0.682,0.597163636,3.2,1.4,
18.8,11.6,0,275,0.69,0.605454545,3.2,1.4,
18.8,12.25,0,300,0.697,0.614618182,3.2,1.4,
18.8,13.45,0,350,0.696,0.627272727,3.2,1.4,
18.8,14.5,0,400,0.704,0.650181818,3.2,1.4,
18.8,15.6,0,450,0.713,0.650181818,3.2,1.4,
20.6,12.6,0,250,0.878,0.597163636,3.2,1.4,
20.6,13.45,0,275,0.883,0.605454545,3.2,1.4,
20.6,14.2,0,300,0.89,0.614618182,3.2,1.4,
20.6,15.6,0,350,0.903,0.627272727,3.2,1.4,
20.6,16.8,0,400,0.922,0.650181818,3.2,1.4,
20.6,18,0,450,0.951,0.650181818,3.2,1.4,
20.6,19.2,0,500,0.988,0.650181818,3.2,1.4,
18.8,7.7,0,170,0.663,0.387709091,3.2,1.5,
18.8,9,0,200,0.671,0.387709091,3.2,1.6,
18.8,10.9,0,250,0.679,0.387709091,3.2,1.6,
18.8,11.75,0,275,0.684,0.390109091,3.2,1.6,
18.8,12.3,0,300,0.679,0.390109091,4,1.6,
18.8,13.6,0,350,0.686,0.385527273,4.5,2,
18.8,14.7,0,400,0.692,0.385527273,5,2,
18.8,15.7,0,450,0.693,0.385527273,5.6,2,
18.8,16.6,0,500,0.695,0.390109091,6,1.7,
18.8,6.95,0,170,0.645,0.385527273,3.2,1.5,
18.8,8.5,0,200,0.661,0.385527273,3.2,1.6,
18.8,10.45,0,250,0.675,0.387709091,3.2,1.6,
18.8,11.2,0,275,0.679,0.387709091,3.2,1.6,
18.8,11.8,0,300,0.672,0.387709091,4,1.6,
18.8,13,0,350,0.674,0.387709091,4.5,2,
18.8,14.15,0,400,0.678,0.387709091,5,2,
18.8,15.1,0,450,0.682,0.387709091,5.6,2,
18.8,16,0,500,0.686,0.387709091,6,2,
24.2,12.7,0,200,0.944,0.385527273,3.2,1.6,
24.2,15.2,0,250,0.945,0.387709091,3.2,1.6,
24.2,16.25,0,275,0.948,0.387709091,3.2,1.6,
24.2,17.35,0,300,0.953,0.387709091,3.2,1.6,
24.2,18.95,0,350,0.952,0.385527273,3.8,1.7,
24.2,20.3,0,400,0.947,0.390109091,5,2,
24.2,21.6,0,450,0.947,0.385527273,6,2.3,
23.5,20.3,35.7,400,0.949,0.015680339,5,2,
28.2,25.05,44.7,400,1.249,0.018810053,3.2,1.4,
18.8,13.5,27,330,0.725,0.012534739,3.2,1.4,
23.5,17.75,36.8,330,0.984,0.015680339,3.4,1.4,
28.2,22.65,44,330,1.211,0.018810053,3.2,1.4,
18.8,12.55,26.8,300,0.721,0.012534739,3.2,1.4,
23.5,17.15,36.7,300,0.963,0.015680339,3.2,1.4,
28.2,20.75,44.2,300,1.199,0.018810053,3.2,1.4,
18.8,11.8,26.5,275,0.713,0.012534739,3.2,1.4,
23.5,15.85,35.7,275,0.955,0.015680339,3.2,1.4,
28.2,19.85,44,275,1.181,0.018810053,3.2,1.4,
18.8,11.7,78,275,0.732,0.014347636,3.2,1.4,
18.8,12.3,78,300,0.738,0.014504727,3.2,1.4,
18.8,13,78,330,0.736,0.014242909,3.2,1.4,
23.5,15.5,76,275,0.959,0.018641455,3.2,1.4,
23.5,16.3,76,300,0.969,0.018903273,3.2,1.4,
23.5,17.2,76,330,0.976,0.018798545,3.2,1.4,
28.2,19.8,75,275,1.219,0.023354182,3.2,1.4,
28.2,19.6,75,275,1.205,0.023301818,3.2,1.4,
28.2,18.7,75,300,1.215,0.023249455,3.2,1.4,
28.2,21.95,75,330,1.217,0.023144727,3.2,1.4,
28.5,19.3,52.3,320,1.094,0.912,4.1,3.6,
28.5,21.45,52.3,375,1.067,0.903709091,4.1,2.75,
28.5,22.6,52.3,418,1.076,0.925745455,4.1,2.75,
28.5,20.05,52.3,328,1.069,0.890181818,4.1,2.75,
28.5,16.5,53.3,250,1.14,0.884509091,2.29,1,
28.5,16.5,53.3,250,1.11,0.874909091,2.74,1.2,
28.5,16.6,53.3,250,1.08,0.8664,3.2,1.4,
28.5,16.55,53.3,250,1.065,0.864,3.65,1.6,
28.5,15.05,53.3,250,1.06,0.868363636,4.11,1.8,
41.2,22.6,62.4,200,1.75,1.406836364,3.2,1.4,
43.1,23.25,62.5,200,1.75,1.443272727,4.11,1.8,
45.9,25.4,61.8,200,2,1.62,3.2,1.4,
47.6,26.3,61.7,200,2,1.663418182,4.11,1.8,
50.2,28,61,200,2.25,1.820290909,3.2,1.4,
52.3,28.65,60.8,200,2.25,1.870036364,4.11,1.8,
19,8.15,68.2,190,0.634,0.473018182,2.29,1,
21.4,7.05,66.8,140,0.79,0.518618182,2.29,1,
23.8,6.65,65.9,115,0.915,0.538472727,2.29,1,
26.2,5.85,64.9,95,1.06,0.528,2.29,1,
28.5,4.75,64.5,80,1.135,0.453818182,2.29,1,
30.9,3.8,65.1,75,1.02,0.392290909,2.29,1,
23.8,7.7,66.3,140,0.866,0.586909091,2.74,1.2,
28.5,4.85,64.2,90,1.164,0.539345455,2.74,1.2,
22.8,13.5,53,362,0.966,0.753381818,2.9,1.45,
22.8,13.7,53,372,0.941,0.7392,3.2,1.4,
22.8,13.7,53,370,0.95,0.763636364,3.5,1.7,
25.8,14.85,53,312,1.123,0.888,2.9,1.45,
25.8,15.05,53,315,1.114,0.890181818,3.2,1.4,
28.9,16,53,276,1.268,1.011272727,2.9,1.45,
28.9,16.2,53,280,1.252,1.004727273,3.2,1.4,
31.9,16.45,53,246,1.425,1.123636364,2.9,1.45,
31.9,16.6,53,247.5,1.415,1.120363636,3.2,1.4,
25.8,15.4,53,351,1.142,0.871636364,3.2,1.4,
25.8,16.75,53,407,1.106,0.870763636,3,1.4,
25.8,14.85,53,326,1.073,0.839345455,3.2,1.4,
25.8,14.9,53,315,1.11,0.882327273,3.1,1.5,
25.8,13.85,53,290,1.097,0.872727273,3.1,1.5,
25.8,16,53,356,1.125,0.886909091,2.9,1.5,
25.8,16.65,53,398,1.133,0.904363636,2.8,1.5,
28.9,15.95,53,276,1.268,1.009527273,2.9,1.4,
28.9,17.25,53,310,1.292,1.0272,2.9,1.55,
28.9,18.75,53,346,1.3,1.029818182,2.9,1.55,
28.9,15.35,54,250,1.28,1.018909091,3.2,1.4,
28.9,14.85,54,250,1.293,1.008,3.2,1.4,
28.9,14.8,54,250,1.29,1.008,3.2,1.4,
28.9,15.15,54,250,1.366,1.016727273,2.29,1,
28.9,14.75,54,250,1.32,1.014545455,2.74,1.2,
28.9,14.65,54,250,1.29,1.000363636,3.2,1.4,
28.9,14.55,54,250,1.253,0.994909091,3.65,1.6,
28.9,14.4,54,250,1.25,0.997090909,4.11,1.8,
28.9,14.15,54,250,1.325,1.040727273,4.3,2.8,
34.3,16.2,31.2,200,1.75,1.259345455,2.29,1,
37.2,18.05,30.3,200,2,1.425163636,2.29,1,
40.3,20.05,29.7,200,2.25,1.6008,2.29,1,
31.9,14.45,31.6,200,1.554,1.1208,2.29,1,
28.9,14.95,31.3,250,1.486,1.049454545,2.29,1,
26.6,13.95,32.8,275,1.267,0.934036364,2.29,1,
31.9,14.25,31.7,200,1.508,1.104,2.51,1.1,
28.9,14.65,31.9,250,1.375,1.0224,2.51,1.1,
26.6,13.8,32.2,275,1.28,0.934254545,2.51,1.1,
22.8,8.65,33.3,200,1.09,0.711272727,1.83,0.8,
22.8,10.75,32.8,280,1.2,0.754909091,1.83,0.8,
35.5,16.5,62.2,200,1.75,1.303636364,2.74,1.2,
36.2,16.9,62.1,200,1.75,1.330909091,3.2,1.4,
36.8,16.95,61.5,200,1.75,1.349454545,4.11,1.8,
39,18.95,61.3,200,2,1.504363636,2.74,1.2,
39.6,19.3,61.2,200,2,1.521818182,3.2,1.4,
41,19.25,60.9,200,2,1.551272727,4.11,1.8,
42.1,21.2,60.6,200,2.25,1.674545455,2.74,1.2,
43,21.5,60.4,200,2.25,1.698545455,3.2,1.4,
44.7,21.85,60.2,200,2.25,1.735636364,4.11,1.8,
27.3,10,63.1,180,1.215,0.844363636,2.29,1,
28.9,9.7,62.5,160,1.36,0.876436364,2.29,1,
30.4,8.55,62.1,140,1.457,0.875127273,2.29,1,
31.9,8.3,61.8,130,1.55,0.890181818,2.29,1,
33.4,8.05,61.5,120,1.625,0.882545455,2.29,1,
36.5,6.1,61.4,100,1.7,0.767345455,2.29,1,
36.2,3.95,45.6,121,1.2,0.612436364,3.2,1.4,
36.2,4.2,45.5,133,1.2,0.645818182,4,2.4,
43.5,3.6,45.7,138,1.2,0.610909091,3,5,
21.7,11.95,52,248,1.618,1.241454545,2.7,1.2,
25.4,11.65,52,205,1.912,1.389818182,3.2,1.4,
22.5,13.7,50.7,262,1.712,1.347272727,2.7,1.3,
22.5,13.6,50.7,266,1.692,1.333090909,3,1.3,
20.3,10.65,49,250,1.685,1.147636364,1.7,1,
20.3,10.2,49.5,250,1.625,1.046836364,1.36,0.8,
20.3,10.7,49.5,250,1.59,1.066909091,1.53,0.9,
20.3,10.8,49.5,250,1.708,1.138909091,1.7,1,
20.3,10.85,49.5,250,1.685,1.138909091,1.78,1.05,
23.9,11.5,52,210,1.834,1.341818182,2.4,1.1,
23.9,11.9,52,210,1.907,1.372363636,2.18,1,
23.9,12.6,52,210,1.957,1.397454545,2,1,
23.9,12.2,52,210,1.935,1.3824,2.1,1.05,
23.9,12.15,52,210,1.885,1.365818182,2.2,1.1,
23.9,12.05,52,210,1.84,1.347272727,2.3,1.15,
23.9,12.1,52,210,1.795,1.328727273,2.4,1.2,
23.9,12.1,52,210,1.787,1.324363636,2.5,1.25,
23.9,12.05,52,210,1.78,1.322181818,2.6,1.3,
23.9,12,52,210,1.772,1.317818182,2.7,1.35,
22.5,9.95,61,200,1.75,1.178181818,1.9,0.95,
23.4,10.2,61.2,200,1.75,1.215272727,2,1,
24.1,10.85,61.8,200,1.75,1.258909091,2.2,1.1,
25.4,12.25,61.1,200,2,1.429090909,2,1,
25.9,12.45,61.3,200,2,1.453090909,2.4,1.2,
26.4,12.6,61.3,200,2,1.483636364,2.8,1.4,
27.1,13.75,60.7,200,2.25,1.612363636,2,1,
27.5,13.95,60.7,200,2.25,1.636363636,2.4,1.2,
28,14.2,60.7,200,2.25,1.669090909,2.8,1.4,
28.4,14.45,60.4,200,2.25,1.697454545,3.2,1.6,
20.3,7.35,61.4,190,1.465,0.896727273,1.4,0.7,
21.7,7.5,61.3,170,1.632,0.984,1.6,0.8,
25.4,9.4,61.3,170,1.835,1.234909091,2.4,1.2,
26.1,9,61.1,160,1.86,1.213090909,2.4,1.2,
35.9,8.1,50,172.5,1.7,1.017163636,3.2,1.8,
35.9,8.05,50,196,1.79,1.104,4,3.6,
35.9,9.2,50,200,2,1.261309091,4,3.6,
35.9,10.05,50,210,2.15,1.384363636,4.1,3.6,
37.5,9.1,50,199.8,2,1.234909091,4.3,3.8,
27.1,10.1,51,250,1.78,1.239272727,4.1,3.6,
27.1,9.4,51,244,1.64,1.128,4.3,3.8,
26.3,9.65,50,250,1.78,1.258909091,3.85,3.4,
26.3,9.7,50,250,1.758,1.241454545,4.1,3.6,
26.3,10.05,50,250,1.723,1.217454545,4.32,3.8,
26.3,9.9,50,250,1.711,1.206545455,4.45,3.9,
26.3,9.7,50,250,1.691,1.193454545,4.55,4,
34.9,11.45,60.4,200,2,1.429090909,1.65,1.35,
34.4,11.25,60.4,200,2,1.433454545,1.6,1.3,
31.9,8.75,61.4,200,1.75,1.147636364,3.85,3.4,
32.2,8.95,61,200,1.75,1.154181818,4.1,3.6,
32.6,8.85,61,200,1.75,1.158545455,4.32,3.8,
34.1,9.95,60.2,200,2,1.328727273,3.85,3.4,
34.4,10.15,60.2,200,2,1.326545455,4.1,3.6,
34.9,10.05,60.2,200,2,1.326545455,4.32,3.8,
35.9,11.1,59.5,200,2.25,1.494545455,3.85,3.4,
36.2,11,59.5,200,2.25,1.483636364,4.1,3.6,
36.7,11,59.5,200,2.25,1.483636364,4.32,3.8,
32.7,6.2,62.5,161.5,1.275,0.794181818,1.4,1,
32.7,6.25,63,167.5,1.275,0.816,1.4,1.23,
32.7,5.9,62.7,177,1.275,0.776727273,3.85,3.4,
32.7,4.7,64.5,155,1,0.6,1.4,1,
32.7,2.35,68.5,144,0.5,0.279272727,1.4,1,
30.3,6.6,63.7,177,1.275,0.837818182,1.4,1,
30.3,5.15,64.8,166,1,0.634909091,1.4,1,
30.3,2.45,68.4,150,0.5,0.281454545,1.4,1,
32.4,9.95,62,200,1.75,1.237090909,1.6,1.4,
33.8,11.1,62,200,2,1.413818182,1.6,1.4,
36,12.45,61.4,200,2.25,1.610181818,1.6,1.4,
31.1,10.2,61.5,210,1.925,1.313454545,3.65,3.2,
29.9,9.3,61.8,210,1.765,1.197818182,3.65,3.2,
27.9,8.15,62.7,210,1.535,1.034181818,3.65,3.2,
28.7,9,62,220,1.812,1.248,3.65,3.2,
27.9,9.15,62.3,220,1.69,1.160727273,3.65,3.2,
27.9,10.35,61.8,230,1.851,1.291636364,3.65,3.2,
27.5,9.85,61.5,230,1.771,1.232727273,3.85,3.4,
26.9,10.5,61.6,240,1.82,1.276363636,3.85,3.4,
26.7,10.2,61.8,240,1.766,1.241454545,4.1,3.6,
36.7,10.05,61.3,190,2.12,1.363636364,3.65,3.2,
35.1,9.55,61.6,190,2,1.287272727,3.65,3.2,
33.5,8.85,62,190,1.8,1.156363636,3.65,3.2,
31.9,7.85,62.3,190,1.595,1.021090909,3.65,3.2,
30.3,6.95,63.1,190,1.4,0.898909091,3.65,3.2,
29.5,6.5,63.5,190,1.31,0.837818182,3.65,3.2,
38.1,6.35,44.5,180,1.5,0.935781818,1.2,2.6,
43.2,4.9,44.5,195,1.5,0.876,2.5,5,
45.7,4.85,44.4,190,1.5,0.863345455,3,5.1,
45.7,5.4,44.4,160,1.5,0.857672727,1.6,1,
35.6,8.55,51,199,2.02,1.263490909,3.45,2.5,
35.6,8.5,51,204,1.96,1.243636364,4.1,3,
35.6,8.1,51,213,1.88,1.195636364,4.6,3.5,
35.6,9.3,51,212,2.13,1.365818182,3.45,2.5,
35.6,9.1,51,216,2.08,1.337454545,4.1,3,
35.6,8.95,51,219.5,2.055,1.323927273,4.6,3.5,
28,7.45,51,250,1.648,1.119272727,3.85,3.4,
28,7.85,51,250,1.626,1.102909091,4.1,3.6,
28,8.2,51,250,1.6,1.088727273,4.32,3.8,
28,7.9,51,250,1.583,1.073454545,4.45,3.9,
28,7.3,51,250,1.565,1.065818182,4.55,4,
32.4,7.4,61.3,200,1.75,1.119272727,3.85,3.4,
32.7,7.25,61.4,200,1.75,1.090909091,4.1,3.6,
33.8,7.1,61.2,200,1.75,1.106181818,4.32,3.8,
35.5,8.45,60.5,200,2,1.292945455,3.85,3.4,
36,8.6,60.6,200,2,1.293818182,4.1,3.6,
36.5,8.6,60.6,200,2,1.291636364,4.32,3.8,
36.7,9.3,59.7,200,2.25,1.456363636,3.85,3.4,
37.7,9.7,59.8,200,2.25,1.4544,4.1,3.6,
38.3,9.45,59.6,200,2.25,1.450909091,4.32,3.8,
30.5,5.2,62.8,200,1.205,0.778909091,3.64,3.2,
32.5,5.75,62.2,190,1.357,0.861818182,3.41,3,
34.6,5,63.2,180,1.175,0.728727273,3.41,3,
